00000.mp4,REAL
00001.mp4,REAL
00002.mp4,REAL
00003.mp4,REAL
00004.mp4,REAL
00005.mp4,REAL
00006.mp4,REAL
00007.mp4,REAL
00008.mp4,REAL
00009.mp4,REAL
00010.mp4,REAL
00011.mp4,REAL
00012.mp4,REAL
00013.mp4,REAL
00014.mp4,REAL
00015.mp4,REAL
00016.mp4,REAL
00017.mp4,REAL
00018.mp4,REAL
00019.mp4,REAL
00020.mp4,REAL
00021.mp4,REAL
00022.mp4,REAL
00023.mp4,REAL
00024.mp4,REAL
00025.mp4,REAL
00026.mp4,REAL
00027.mp4,REAL
00028.mp4,REAL
00029.mp4,REAL
00030.mp4,REAL
00031.mp4,REAL
00032.mp4,REAL
00033.mp4,REAL
00034.mp4,REAL
00035.mp4,REAL
00036.mp4,REAL
00037.mp4,REAL
00038.mp4,REAL
00039.mp4,REAL
00040.mp4,REAL
00041.mp4,REAL
00042.mp4,REAL
00043.mp4,REAL
00044.mp4,REAL
00045.mp4,REAL
00046.mp4,REAL
00047.mp4,REAL
00048.mp4,REAL
00049.mp4,REAL
00050.mp4,REAL
00051.mp4,REAL
00052.mp4,REAL
00053.mp4,REAL
00054.mp4,REAL
00055.mp4,REAL
00056.mp4,REAL
00057.mp4,REAL
00058.mp4,REAL
00059.mp4,REAL
00060.mp4,REAL
00061.mp4,REAL
00062.mp4,REAL
00063.mp4,REAL
00064.mp4,REAL
00065.mp4,REAL
00066.mp4,REAL
00067.mp4,REAL
00068.mp4,REAL
00069.mp4,REAL
00070.mp4,REAL
00071.mp4,REAL
00072.mp4,REAL
00073.mp4,REAL
00074.mp4,REAL
00075.mp4,REAL
00076.mp4,REAL
00077.mp4,REAL
00078.mp4,REAL
00079.mp4,REAL
00080.mp4,REAL
00081.mp4,REAL
00082.mp4,REAL
00083.mp4,REAL
00084.mp4,REAL
00085.mp4,REAL
00086.mp4,REAL
00087.mp4,REAL
00088.mp4,REAL
00089.mp4,REAL
00090.mp4,REAL
00091.mp4,REAL
00092.mp4,REAL
00093.mp4,REAL
00094.mp4,REAL
00095.mp4,REAL
00096.mp4,REAL
00097.mp4,REAL
00098.mp4,REAL
00099.mp4,REAL
00100.mp4,REAL
00101.mp4,REAL
00102.mp4,REAL
00103.mp4,REAL
00104.mp4,REAL
00105.mp4,REAL
00106.mp4,REAL
00107.mp4,REAL
00108.mp4,REAL
00109.mp4,REAL
00110.mp4,REAL
00111.mp4,REAL
00112.mp4,REAL
00113.mp4,REAL
00114.mp4,REAL
00115.mp4,REAL
00116.mp4,REAL
00117.mp4,REAL
00118.mp4,REAL
00119.mp4,REAL
00120.mp4,REAL
00121.mp4,REAL
00122.mp4,REAL
00123.mp4,REAL
00124.mp4,REAL
00125.mp4,REAL
00126.mp4,REAL
00127.mp4,REAL
00128.mp4,REAL
00129.mp4,REAL
00130.mp4,REAL
00131.mp4,REAL
00132.mp4,REAL
00133.mp4,REAL
00134.mp4,REAL
00135.mp4,REAL
00136.mp4,REAL
00137.mp4,REAL
00138.mp4,REAL
00139.mp4,REAL
00140.mp4,REAL
00141.mp4,REAL
00142.mp4,REAL
00143.mp4,REAL
00144.mp4,REAL
00145.mp4,REAL
00146.mp4,REAL
00147.mp4,REAL
00148.mp4,REAL
00149.mp4,REAL
00150.mp4,REAL
00151.mp4,REAL
00152.mp4,REAL
00153.mp4,REAL
00154.mp4,REAL
00155.mp4,REAL
00156.mp4,REAL
00157.mp4,REAL
00158.mp4,REAL
00159.mp4,REAL
00160.mp4,REAL
00161.mp4,REAL
00162.mp4,REAL
00163.mp4,REAL
00164.mp4,REAL
00165.mp4,REAL
00166.mp4,REAL
00167.mp4,REAL
00168.mp4,REAL
00169.mp4,REAL
00170.mp4,REAL
00171.mp4,REAL
00172.mp4,REAL
00173.mp4,REAL
00174.mp4,REAL
00175.mp4,REAL
00176.mp4,REAL
00177.mp4,REAL
00178.mp4,REAL
00179.mp4,REAL
00180.mp4,REAL
00181.mp4,REAL
00182.mp4,REAL
00183.mp4,REAL
00184.mp4,REAL
00185.mp4,REAL
00186.mp4,REAL
00187.mp4,REAL
00188.mp4,REAL
00189.mp4,REAL
00190.mp4,REAL
00191.mp4,REAL
00192.mp4,REAL
00193.mp4,REAL
00194.mp4,REAL
00195.mp4,REAL
00196.mp4,REAL
00197.mp4,REAL
00198.mp4,REAL
00199.mp4,REAL
00200.mp4,REAL
00201.mp4,REAL
00202.mp4,REAL
00203.mp4,REAL
00204.mp4,REAL
00205.mp4,REAL
00206.mp4,REAL
00207.mp4,REAL
00208.mp4,REAL
00209.mp4,REAL
00210.mp4,REAL
00211.mp4,REAL
00212.mp4,REAL
00213.mp4,REAL
00214.mp4,REAL
00215.mp4,REAL
00216.mp4,REAL
00217.mp4,REAL
00218.mp4,REAL
00219.mp4,REAL
00220.mp4,REAL
00221.mp4,REAL
00222.mp4,REAL
00223.mp4,REAL
00224.mp4,REAL
00225.mp4,REAL
00226.mp4,REAL
00227.mp4,REAL
00228.mp4,REAL
00229.mp4,REAL
00230.mp4,REAL
00231.mp4,REAL
00232.mp4,REAL
00233.mp4,REAL
00234.mp4,REAL
00235.mp4,REAL
00236.mp4,REAL
00237.mp4,REAL
00238.mp4,REAL
00239.mp4,REAL
00240.mp4,REAL
00241.mp4,REAL
00242.mp4,REAL
00243.mp4,REAL
00244.mp4,REAL
00245.mp4,REAL
00246.mp4,REAL
00247.mp4,REAL
00248.mp4,REAL
00249.mp4,REAL
00250.mp4,REAL
00251.mp4,REAL
00252.mp4,REAL
00253.mp4,REAL
00254.mp4,REAL
00255.mp4,REAL
00256.mp4,REAL
00257.mp4,REAL
00258.mp4,REAL
00259.mp4,REAL
00260.mp4,REAL
00261.mp4,REAL
00262.mp4,REAL
00263.mp4,REAL
00264.mp4,REAL
00265.mp4,REAL
00266.mp4,REAL
00267.mp4,REAL
00268.mp4,REAL
00269.mp4,REAL
00270.mp4,REAL
00271.mp4,REAL
00272.mp4,REAL
00273.mp4,REAL
00274.mp4,REAL
00275.mp4,REAL
00276.mp4,REAL
00277.mp4,REAL
00278.mp4,REAL
00279.mp4,REAL
00280.mp4,REAL
00281.mp4,REAL
00282.mp4,REAL
00283.mp4,REAL
00284.mp4,REAL
00285.mp4,REAL
00286.mp4,REAL
00287.mp4,REAL
00288.mp4,REAL
00289.mp4,REAL
00290.mp4,REAL
00291.mp4,REAL
00292.mp4,REAL
00293.mp4,REAL
00294.mp4,REAL
00295.mp4,REAL
00296.mp4,REAL
00297.mp4,REAL
00298.mp4,REAL
00299.mp4,REAL
