kmrtmlvvvn.mp4,FAKE
ngjalyvqst.mp4,FAKE
mcormsgtoq.mp4,FAKE
eaeulwiese.mp4,FAKE
pmpfsskytk.mp4,FAKE
aykxdbrocq.mp4,FAKE
apscureryf.mp4,FAKE
mjdjryawks.mp4,FAKE
rouleciwdb.mp4,FAKE
mctatxfyfv.mp4,FAKE
tkcbvnzhib.mp4,REAL
vinqcpfgud.mp4,FAKE
gouhiusnqj.mp4,FAKE
vepqerlwrr.mp4,FAKE
xyfvdnvaqa.mp4,FAKE
dblppjxdvi.mp4,FAKE
sarkbeohtr.mp4,FAKE
rtwipuesde.mp4,FAKE
icokcjzyjm.mp4,FAKE
cegsvyxjif.mp4,FAKE
bumbhuxpsb.mp4,FAKE
fzvypfixcq.mp4,FAKE
efafhdmuoh.mp4,FAKE
kacpwvfkmq.mp4,FAKE
sropalvwuy.mp4,FAKE
xanlgfevqn.mp4,FAKE
clzyspsagz.mp4,FAKE
wyokvgjqld.mp4,FAKE
cnmdpskbjv.mp4,FAKE
cbycvmlndk.mp4,FAKE
pnhpggfiyg.mp4,REAL
hdkwxvnwbp.mp4,REAL
valzjgnbcj.mp4,FAKE
gowbhijvth.mp4,FAKE
abimtvgydq.mp4,FAKE
rvhbdgubzp.mp4,FAKE
vyfmjzqudl.mp4,FAKE
rfeqrvnnme.mp4,FAKE
mivgqaekuc.mp4,FAKE
ppiofyqwwu.mp4,FAKE
mimeseeebb.mp4,FAKE
loohmcjwne.mp4,REAL
cnkagalbom.mp4,FAKE
zsuwpfpajt.mp4,FAKE
cikhubpqxy.mp4,FAKE
ybqowvqyhm.mp4,FAKE
jyfpqernil.mp4,FAKE
muualantym.mp4,FAKE
uoqpweopmc.mp4,FAKE
pphwgkzdts.mp4,FAKE
xxkevsmgsb.mp4,FAKE
syujvyqdlu.mp4,FAKE
kwprqsipok.mp4,REAL
trxflypbhl.mp4,FAKE
dbxbvwmpzp.mp4,FAKE
sebbuhkgie.mp4,FAKE
nxheolhgom.mp4,REAL
bglhztchfd.mp4,FAKE
zneqozkzoo.mp4,FAKE
gytzbdhbww.mp4,FAKE
ovrcyvavpr.mp4,FAKE
gndwcgzwct.mp4,REAL
bwjnozfjrk.mp4,FAKE
vhswkbvlej.mp4,FAKE
ljwiegeffl.mp4,REAL
crjaxyhanq.mp4,FAKE
itsvcpfjwk.mp4,FAKE
biksijpktj.mp4,REAL
oqzzwlfmbo.mp4,FAKE
bdhuoyfzuz.mp4,REAL
ygzajizgvi.mp4,REAL
ubwwnofjvs.mp4,REAL
ahesnzswur.mp4,REAL
szedrozpdr.mp4,FAKE
skbpwareru.mp4,FAKE
tyckuuocay.mp4,FAKE
qcknvfndam.mp4,FAKE
vuwzxvxmdu.mp4,FAKE
dqztuvpjhe.mp4,FAKE
wdfaepjpmv.mp4,REAL
yxikjofijo.mp4,FAKE
ghwrtcenkm.mp4,FAKE
mqifnsxndt.mp4,FAKE
maarvaeyeo.mp4,FAKE
dyxrjcadtt.mp4,REAL
vhwhsusxmg.mp4,FAKE
jxysnnoqvy.mp4,FAKE
halqwjayrq.mp4,FAKE
kgqaexrpas.mp4,REAL
owvarfpscj.mp4,FAKE
hurkpwpped.mp4,FAKE
vtdzngxprx.mp4,FAKE
xlxyzouisc.mp4,REAL
pwspmvzdmn.mp4,FAKE
xewmqacdmm.mp4,FAKE
yqgerdayhc.mp4,FAKE
imzofsrbne.mp4,FAKE
opqecssgfd.mp4,FAKE
jbqtknxkrk.mp4,FAKE
tazfoudfop.mp4,FAKE
omaabqsujm.mp4,FAKE
usnyozppis.mp4,REAL
yzuuewvznw.mp4,FAKE
pcjbtaaelo.mp4,FAKE
yuxexfmmww.mp4,REAL
yiqhbxgfav.mp4,REAL
hsitpzjrmu.mp4,FAKE
fuicggxsws.mp4,FAKE
ynhjsiaakw.mp4,FAKE
ocazrzdbqs.mp4,FAKE
aaeoalihgj.mp4,FAKE
bhjqmlqvch.mp4,FAKE
ctfkxfffzx.mp4,FAKE
uskrkaasta.mp4,FAKE
helijvwmfx.mp4,FAKE
bitwvzgcqt.mp4,FAKE
jzbxqjnzoi.mp4,REAL
qecgeqnvta.mp4,FAKE
rovrcxjbsx.mp4,FAKE
hseqckyspj.mp4,FAKE
cpsqhltyrz.mp4,FAKE
cuypznsdlz.mp4,FAKE
bgmtdhbzny.mp4,FAKE
ihkumazszf.mp4,FAKE
qluayjymoh.mp4,FAKE
ddugdzuqno.mp4,FAKE
mldnrqmhfs.mp4,REAL
lkzgecrxpj.mp4,FAKE
wxwjgawfhy.mp4,FAKE
cvotzhernt.mp4,REAL
yghjvgpzvi.mp4,FAKE
phyrlhkiwp.mp4,FAKE
ovuubdstvc.mp4,FAKE
uswefjjphg.mp4,FAKE
bmonhalney.mp4,FAKE
xfsvfaocfd.mp4,FAKE
yytgnixnff.mp4,FAKE
nbyibxmqit.mp4,FAKE
pijwqlcgaf.mp4,FAKE
fwkhjpcewv.mp4,FAKE
ptjgyuwsgh.mp4,REAL
wdcbriukep.mp4,FAKE
bmvuyydzmd.mp4,FAKE
uicqmalcmh.mp4,FAKE
dehwqyosfb.mp4,REAL
jwgajaydgv.mp4,REAL
vbhchzblzy.mp4,FAKE
knzmwugfab.mp4,FAKE
jyvsqshekv.mp4,FAKE
aureohnlim.mp4,FAKE
gtyiiwgavr.mp4,FAKE
zuclwrauhh.mp4,FAKE
rpqtfjkyer.mp4,FAKE
akluvruemz.mp4,FAKE
yyoxuakkcb.mp4,FAKE
panoentlhl.mp4,FAKE
zevqhglyrv.mp4,REAL
gytjcjvzxy.mp4,FAKE
bpzwkisxdq.mp4,FAKE
lrdgwktxja.mp4,FAKE
aevavjcuqq.mp4,FAKE
dmqzbafcfn.mp4,FAKE
tztcxgbols.mp4,FAKE
wijglmnfim.mp4,FAKE
cglvjkplnc.mp4,FAKE
zlnnjsddtt.mp4,FAKE
atuchlkujx.mp4,FAKE
rtbkkeebvf.mp4,FAKE
kuepdmmpye.mp4,FAKE
cdlcrcmzac.mp4,FAKE
wabhktkmfy.mp4,REAL
jjjwutyyjg.mp4,FAKE
zfnrrxzfpw.mp4,REAL
ujcmgohscl.mp4,FAKE
uxovttinwg.mp4,FAKE
qirzbmqnww.mp4,REAL
opyhrylkvm.mp4,FAKE
giluddfepf.mp4,FAKE
tloinwfdnz.mp4,FAKE
jiklttzoht.mp4,FAKE
rddffwfkeu.mp4,FAKE
vwiaiiyjuk.mp4,FAKE
uhujmeszhh.mp4,FAKE
skqdwcjaji.mp4,FAKE
fqtpsfcmjr.mp4,FAKE
sddgmxeomr.mp4,FAKE
hggcaivvje.mp4,FAKE
awlpqlmfbd.mp4,REAL
thfzywypts.mp4,REAL
gpurfeajeg.mp4,REAL
wghdlvehhq.mp4,REAL
fhcuwezfpy.mp4,FAKE
gxixautknf.mp4,FAKE
ifnlytasas.mp4,REAL
hmwwiarhru.mp4,FAKE
mqztkdxuyz.mp4,FAKE
qggzegfwde.mp4,FAKE
reoafpgwdq.mp4,FAKE
haovxavffj.mp4,FAKE
nbtskfzobv.mp4,FAKE
oxeerddfob.mp4,FAKE
zqadgbbxni.mp4,FAKE
gkgcyvzjbd.mp4,FAKE
ofyojxolmd.mp4,FAKE
xrinweojcy.mp4,FAKE
niuurktsiv.mp4,FAKE
gqmdicvbtk.mp4,FAKE
yqnsdfwelt.mp4,REAL
wrylymfgvz.mp4,FAKE
ipbunnjfbm.mp4,REAL
ymugvyxuka.mp4,REAL
rdjqfyymdg.mp4,REAL
uhjdylxche.mp4,FAKE
efvwmeyfmp.mp4,FAKE
tbjuzesels.mp4,FAKE
souicmefpc.mp4,FAKE
ksssewdjzp.mp4,FAKE
hpxykzhgtf.mp4,REAL
qqwdbhkgol.mp4,FAKE
zpaoyzqjml.mp4,FAKE
azhpzylusc.mp4,FAKE
gzvkcocqqq.mp4,FAKE
fxlvygobod.mp4,FAKE
wkmjfhlbhj.mp4,FAKE
eudnfziddg.mp4,FAKE
eymkppycqq.mp4,FAKE
lrquoplrdy.mp4,FAKE
recobhmjad.mp4,FAKE
qppjjwvfbg.mp4,REAL
mpqqeckhvo.mp4,FAKE
lnavqqfump.mp4,FAKE
gfoatmznbh.mp4,FAKE
oqdpiefpij.mp4,REAL
zfalofgncr.mp4,FAKE
vogbpacvzn.mp4,FAKE
fsaemuwjfg.mp4,FAKE
oiklwkjhte.mp4,FAKE
etsfedmwmq.mp4,FAKE
wjliamjeqp.mp4,FAKE
pkwaygzfwf.mp4,FAKE
klgjfsnefz.mp4,REAL
ourgzxqfxe.mp4,FAKE
adwdhdssrh.mp4,REAL
dsyyxhywiy.mp4,FAKE
yrqqinbasv.mp4,FAKE
xmmluiswhs.mp4,FAKE
syrjqbojxo.mp4,FAKE
xpfukgkumy.mp4,REAL
eldukoggsh.mp4,FAKE
eqdevfaapb.mp4,REAL
jwbsjpudpl.mp4,FAKE
xlapirebur.mp4,FAKE
dpncsuyamf.mp4,FAKE
ieyywncjfj.mp4,REAL
vuuhdynmzr.mp4,FAKE
gvekjxzsik.mp4,FAKE
tlthhnwadn.mp4,FAKE
tjzisdorws.mp4,FAKE
fztnpmcexo.mp4,FAKE
ldninryhsh.mp4,FAKE
tlcvvwohom.mp4,FAKE
dbburzyxvt.mp4,FAKE
czoldluihi.mp4,FAKE
wfrxbuteyq.mp4,FAKE
fllrrugytq.mp4,REAL
ijcbbewhwx.mp4,FAKE
rgnwiqqkrz.mp4,FAKE
luoptdxdkk.mp4,REAL
lkkdxlvtiq.mp4,FAKE
lqsniprvvb.mp4,FAKE
aekbcfwbwg.mp4,FAKE
bfklxuaity.mp4,FAKE
elyosecnfp.mp4,FAKE
bjoskdfhuh.mp4,FAKE
qlxvyqepab.mp4,FAKE
srpracqqgk.mp4,FAKE
yjkpjxybkt.mp4,FAKE
rgcsjzqcis.mp4,FAKE
gcpxhxtepn.mp4,REAL
txrzsutbun.mp4,FAKE
aibiskwzkj.mp4,FAKE
exxutccavg.mp4,FAKE
xeezdmaazr.mp4,FAKE
dlnpkmiytm.mp4,FAKE
dhbwcahdsw.mp4,FAKE
kbdjlansnq.mp4,FAKE
diffnyuujk.mp4,FAKE
wmzlvvesqw.mp4,REAL
zjlhfuxfdd.mp4,FAKE
bwcwykvswt.mp4,FAKE
iktlzujalm.mp4,FAKE
uwzijlswnb.mp4,FAKE
tjkqyexqoe.mp4,FAKE
uxwuanbgkb.mp4,FAKE
wgewdzlici.mp4,FAKE
mtrszjrxpc.mp4,FAKE
fjafecudrk.mp4,FAKE
xlqhioxxqj.mp4,FAKE
jgehfzchud.mp4,FAKE
eywqtttzxd.mp4,FAKE
wgtgykboyz.mp4,FAKE
rvjdnwgeji.mp4,FAKE
pgmuaswkgc.mp4,FAKE
tueecvtcms.mp4,FAKE
owiclrvobm.mp4,FAKE
cbycmesndu.mp4,FAKE
mpbvaumtlo.mp4,REAL
yhqqwnlqdi.mp4,REAL
sdistqkqim.mp4,REAL
kiyezfofrs.mp4,FAKE
judmuxsrvn.mp4,FAKE
zbenkghmif.mp4,FAKE
sprzdodinp.mp4,REAL
domhnipkeh.mp4,REAL
becctvxykt.mp4,FAKE
xqtgkjauqu.mp4,FAKE
boigxsawwj.mp4,FAKE
hnlbblarxn.mp4,FAKE
kfdfoyueqc.mp4,FAKE
jhspiyddlk.mp4,FAKE
lnewtbkcjn.mp4,FAKE
pvezupgald.mp4,FAKE
pdzaguqmze.mp4,FAKE
jdmjkmtgkt.mp4,FAKE
smscmlgwmc.mp4,FAKE
zhtzndwcjg.mp4,FAKE
axgcqvgavl.mp4,FAKE
rzborasjae.mp4,REAL
mkbuwdmrgg.mp4,FAKE
ukivitxdrp.mp4,FAKE
qaedmapjyv.mp4,FAKE
vyskzwemnq.mp4,FAKE
rwpdgxavbq.mp4,FAKE
hevajonyvj.mp4,FAKE
hjmzgzvabq.mp4,FAKE
cdwoinhglz.mp4,FAKE
yanxasernr.mp4,FAKE
xrbevgovxw.mp4,FAKE
yuhltllopo.mp4,FAKE
eefolqhehe.mp4,FAKE
dpohqhypgu.mp4,FAKE
lzwvciowhu.mp4,FAKE
euhabhqloj.mp4,FAKE
idubfbiavu.mp4,FAKE
lofsodiyxk.mp4,FAKE
myqotqhdwv.mp4,REAL
snihjhcvvr.mp4,FAKE
vtynsinghq.mp4,FAKE
wuzdcvejpa.mp4,FAKE
iwvuqzddrq.mp4,REAL
zfyczzssiz.mp4,FAKE
ovomxjvrvy.mp4,FAKE
zgvjfpzubp.mp4,REAL
wrftxkepuq.mp4,FAKE
lrdfvvoqqv.mp4,FAKE
xvoghshkwe.mp4,FAKE
wfecziomie.mp4,REAL
wfcbpbwjsi.mp4,FAKE
jmomruqjnf.mp4,FAKE
obvmlowojq.mp4,FAKE
yqvjeiulqp.mp4,FAKE
iadswupprp.mp4,FAKE
jwxfgfsmyq.mp4,FAKE
dfpwwyaomf.mp4,FAKE
qpynrfdsaf.mp4,FAKE
efgtkqtbgi.mp4,FAKE
gorgcirpdd.mp4,FAKE
kjxygflezk.mp4,FAKE
tiximgupfo.mp4,FAKE
ilsiaqqane.mp4,FAKE
cwowctozwu.mp4,FAKE
qxgfeiotrx.mp4,FAKE
yuzuorzlyo.mp4,FAKE
ehrvldbien.mp4,FAKE
kakxhgfllh.mp4,FAKE
ttntwrydrg.mp4,FAKE
rfnwrnkokw.mp4,FAKE
uvqirjmnxe.mp4,FAKE
ahsogiihuz.mp4,REAL
hqxvlboamz.mp4,REAL
cjgdqgwdzs.mp4,FAKE
fsomcxpfsm.mp4,FAKE
tarmlpitpj.mp4,FAKE
mqkuwoamqq.mp4,FAKE
uveclbfpfo.mp4,FAKE
ehuhoftycr.mp4,FAKE
gaudqiligp.mp4,FAKE
micvjzsayv.mp4,FAKE
hgkwddemea.mp4,FAKE
tkofwngclr.mp4,REAL
wannogxtda.mp4,FAKE
ppgwazusyl.mp4,REAL
tgvsstngam.mp4,FAKE
zqmegsnppa.mp4,FAKE
zpehisldsf.mp4,FAKE
rmpcrrwhzv.mp4,REAL
ldoskfvcoe.mp4,FAKE
phsqrefuqp.mp4,FAKE
huzehsqvkj.mp4,FAKE
osrpepdagi.mp4,FAKE
ukkeejwxfs.mp4,FAKE
plppsbvkan.mp4,FAKE
icvbwnjins.mp4,REAL
kigykhiiwl.mp4,FAKE
rgjeclushz.mp4,FAKE
cduirlfffk.mp4,FAKE
wrknpyugtp.mp4,FAKE
jcggxsyyph.mp4,FAKE
kqjqkcciwy.mp4,FAKE
wytygqdnha.mp4,FAKE
vefvrjmywy.mp4,FAKE
axhqevrfxx.mp4,FAKE
jagrkfsdvk.mp4,FAKE
kqxmtebgsm.mp4,FAKE
pdhxnndbbt.mp4,FAKE
nsgeidtrzj.mp4,FAKE
myzgxrfxmy.mp4,FAKE
kqprwlfsvh.mp4,FAKE
kvzjhdtarp.mp4,FAKE
cjaulsvavp.mp4,FAKE
rlgekygvjn.mp4,REAL
qojquiczlp.mp4,FAKE
simdowaaid.mp4,REAL
qtgacuszan.mp4,REAL
ekfhchiqqi.mp4,FAKE
kzpdsiuuzq.mp4,FAKE
pwfbnkdqlt.mp4,FAKE
wojpparsfi.mp4,FAKE
xcbckitcgh.mp4,FAKE
yzabplnynk.mp4,FAKE
vnamtyilxv.mp4,FAKE
lvinrrfyir.mp4,REAL
dwsjwktmxj.mp4,FAKE
ktyrkuiqeo.mp4,FAKE
exoijhzndo.mp4,FAKE
svctvggabk.mp4,FAKE
burrttotog.mp4,FAKE
psqgyzlhhq.mp4,REAL
rwlxkctupy.mp4,FAKE
tpzgfwqnqd.mp4,FAKE
fiaoioqikt.mp4,FAKE
rioaiqzguu.mp4,FAKE
exvapekqxv.mp4,FAKE
pnmnzzxbjq.mp4,FAKE
uxdwkdtmyo.mp4,FAKE
jlhjzrjfue.mp4,FAKE
yvbsknaqom.mp4,FAKE
rmpwnnxmye.mp4,REAL
iwixgytgkz.mp4,FAKE
oioxogxlwu.mp4,FAKE
ollitendxk.mp4,FAKE
lnwblmvlmb.mp4,FAKE
tnxnylgvna.mp4,FAKE
yflzmdpkab.mp4,REAL
mgqmcbtfdq.mp4,FAKE
dyrsrqsspu.mp4,FAKE
qtzmxpfilk.mp4,FAKE
ivctdtckcn.mp4,REAL
nubuehaydu.mp4,FAKE
virgyikvuy.mp4,FAKE
ohhncubjkn.mp4,FAKE
ahqgxlxnwq.mp4,FAKE
fbhtlcpupl.mp4,FAKE
gddbrecqpe.mp4,FAKE
iijzkqhnte.mp4,FAKE
pmiantsstv.mp4,FAKE
vfstwnqdce.mp4,FAKE
xxtpvjzmps.mp4,FAKE
iywhpaeciv.mp4,FAKE
xzxjnehqvr.mp4,FAKE
jvksqlpuae.mp4,FAKE
wirdaebvyh.mp4,FAKE
lkgamwbygt.mp4,FAKE
ndjeeezmax.mp4,FAKE
lbaqvldubx.mp4,FAKE
kustinuqny.mp4,FAKE
znftribnvs.mp4,FAKE
xcuclbqrsu.mp4,FAKE
qykuagqkjz.mp4,FAKE
mufxppnnrg.mp4,FAKE
ifgfihjgvi.mp4,FAKE
xbibxusaha.mp4,FAKE
acfnqjgsgj.mp4,FAKE
vqtatkpbxi.mp4,REAL
llhrspaijp.mp4,FAKE
hbxrcbxxvi.mp4,FAKE
ekkileqfsd.mp4,FAKE
kofofvdhgy.mp4,FAKE
pthvzhzbqp.mp4,REAL
xumvmlvqdj.mp4,FAKE
cknnsatjfq.mp4,FAKE
rrppihtdgq.mp4,FAKE
cjiqewimqq.mp4,FAKE
zbdzhzzsku.mp4,FAKE
sailbngdsk.mp4,FAKE
fbmgagtuok.mp4,FAKE
iqbonigbsw.mp4,FAKE
caernzpupa.mp4,FAKE
gqanvgwuqk.mp4,FAKE
ykuolnotfr.mp4,FAKE
sivgirrdae.mp4,FAKE
jdynzksrau.mp4,FAKE
doxmeuhnpt.mp4,FAKE
hzhlyfzngf.mp4,FAKE
ekqseqvcrg.mp4,FAKE
yltdzmmmcg.mp4,REAL
ixulbtzucv.mp4,FAKE
osmkcnlhnx.mp4,FAKE
lbipvzwlut.mp4,FAKE
azmwqsoiyv.mp4,FAKE
dwfmboanbv.mp4,FAKE
rszmrlpfdo.mp4,FAKE
xrexmjcofm.mp4,REAL
olrulxguui.mp4,REAL
vvclsrjaxc.mp4,FAKE
kbdjxocfhl.mp4,FAKE
cgjrchabmn.mp4,FAKE
kfpnunsimt.mp4,FAKE
jcgeaadwxt.mp4,FAKE
yxpujepkub.mp4,FAKE
ruqhnpqsyc.mp4,FAKE
lapjljegrs.mp4,FAKE
pcuotyhntu.mp4,FAKE
equhphjiwi.mp4,FAKE
tbjobmrpbw.mp4,FAKE
pnrqtxkvvr.mp4,REAL
pjtirnqgwr.mp4,FAKE
qeefpaarrl.mp4,FAKE
wfsyvgiqqv.mp4,FAKE
xaohmbgdog.mp4,FAKE
apbidtmyvm.mp4,FAKE
zwzssopxfd.mp4,FAKE
rmurgpuxvz.mp4,FAKE
wzehklnvjt.mp4,FAKE
dwjnjqkpzk.mp4,FAKE
azkieigjvj.mp4,FAKE
umvqagqmpt.mp4,FAKE
xhtbkjgrjv.mp4,FAKE
pbqeczokgb.mp4,FAKE
hcnbxepois.mp4,REAL
gkbfxjlhju.mp4,FAKE
mizamkaulc.mp4,FAKE
jqeelxclio.mp4,FAKE
ntqjyvcjdh.mp4,FAKE
wxtuyelztd.mp4,FAKE
xejvpxiram.mp4,FAKE
jyhwkeqwqe.mp4,FAKE
glhlmbhwbl.mp4,FAKE
xdctsgjpsp.mp4,FAKE
lxejwgvxwk.mp4,FAKE
ybrzvsjdfx.mp4,FAKE
cyfxpvkhrz.mp4,FAKE
osvztqvsvv.mp4,FAKE
ywaqmbqlol.mp4,FAKE
iylqacirzy.mp4,REAL
pllgovampw.mp4,FAKE
kgrnovymch.mp4,FAKE
rgkqulzaem.mp4,REAL
negmelwwvx.mp4,FAKE
dzxqrbsowj.mp4,FAKE
nntxawutik.mp4,FAKE
ltqubwmqml.mp4,FAKE
nwndlagvxh.mp4,REAL
mllyttwsjh.mp4,FAKE
iprvpwboni.mp4,FAKE
jphyzgenfe.mp4,FAKE
wmjfcunvmp.mp4,FAKE
qfpbaywxpi.mp4,FAKE
raeipcmnzn.mp4,FAKE
kyidjwmity.mp4,FAKE
ihjcfidpow.mp4,FAKE
inscrqakxp.mp4,FAKE
xwfwyzzxhs.mp4,REAL
znnzyhzdmf.mp4,FAKE
jcljktilez.mp4,FAKE
ahhwcjandn.mp4,FAKE
bmqqgioruy.mp4,FAKE
nfewomiuex.mp4,FAKE
dxebretfjb.mp4,REAL
chucelrrkq.mp4,FAKE
rmwtewxaur.mp4,FAKE
otnavkjzor.mp4,FAKE
pbizryvgyk.mp4,REAL
ejfgtkqojm.mp4,FAKE
tymjllbiif.mp4,FAKE
ereczvtcsx.mp4,FAKE
iwqgkmzzun.mp4,FAKE
ujzncalkmc.mp4,REAL
mxmrbzboon.mp4,FAKE
dfozukdjfj.mp4,FAKE
dkwylvczij.mp4,FAKE
bxwswwesmk.mp4,FAKE
ckbiaaxzgq.mp4,FAKE
aabdogagch.mp4,FAKE
phfanfjvia.mp4,FAKE
gianjluesv.mp4,FAKE
zjodgqdrpb.mp4,REAL
shybcjwcii.mp4,FAKE
hsnxxqwooq.mp4,FAKE
spflqgvyes.mp4,FAKE
ruamngqldz.mp4,REAL
xblfaldagl.mp4,FAKE
wvhxtfpjym.mp4,FAKE
ouxamdkjbk.mp4,FAKE
fwlakxjtip.mp4,FAKE
hrchgwivyy.mp4,FAKE
uasvwbgjge.mp4,FAKE
dlyolaisdz.mp4,REAL
deqxaihxuz.mp4,REAL
edoxxahron.mp4,FAKE
saldkmpykv.mp4,FAKE
bqfnqqxyoo.mp4,FAKE
qkydeztsln.mp4,FAKE
skjikzwdtt.mp4,FAKE
knmfrovsdm.mp4,FAKE
zwwvtnacah.mp4,FAKE
dttuwhqhhl.mp4,FAKE
yzockhlrnu.mp4,FAKE
zanbjxeizv.mp4,FAKE
aapqbyzjws.mp4,FAKE
gzshocjyzm.mp4,FAKE
ezyvyqvjxv.mp4,FAKE
zstfzooaqe.mp4,FAKE
xsbancuxvm.mp4,FAKE
vztcxttmjh.mp4,FAKE
dmzblkdwkv.mp4,REAL
lcssknfpel.mp4,FAKE
qkmbpxojvo.mp4,FAKE
pknrjuicth.mp4,FAKE
ymxibekbia.mp4,REAL
dqckzndxbh.mp4,FAKE
ylwhnoufzp.mp4,FAKE
mxsavywnji.mp4,FAKE
nshqdmmgau.mp4,FAKE
qhxlqguasx.mp4,FAKE
gfgkkmkmlf.mp4,FAKE
gobwzxxslw.mp4,FAKE
dgpljbxkcx.mp4,FAKE
fahbidqhcx.mp4,FAKE
lzewcixujf.mp4,FAKE
igamqtygjm.mp4,FAKE
beoudnupot.mp4,FAKE
yyagfjrogm.mp4,FAKE
tmzqiywiep.mp4,FAKE
yatfokptmg.mp4,FAKE
licyaanvrp.mp4,REAL
zlvrvwhasm.mp4,FAKE
mlfvzcejpj.mp4,FAKE
mkyaaxrhuc.mp4,FAKE
jhactuqgwa.mp4,FAKE
jnelvrznwv.mp4,FAKE
wzvpwwfpmj.mp4,FAKE
xrastfpkge.mp4,FAKE
ehxxmfftom.mp4,REAL
fqsymmbpna.mp4,FAKE
bzwajzslne.mp4,FAKE
feazhvejib.mp4,FAKE
dcymikeysr.mp4,FAKE
nfwgvmgunv.mp4,FAKE
eizeoqgggt.mp4,REAL
uorhfryoru.mp4,REAL
clvqvejlen.mp4,FAKE
nnfwiqhoyn.mp4,FAKE
tnuojreaen.mp4,FAKE
vydsnygyil.mp4,FAKE
zrcugdtvws.mp4,FAKE
ohuskazqjx.mp4,FAKE
uhyokbwzcb.mp4,FAKE
davnvgifis.mp4,FAKE
lvcwietqbw.mp4,FAKE
bwnwtomuus.mp4,FAKE
asaznagkeg.mp4,REAL
osivgitpxo.mp4,FAKE
ecchngslsy.mp4,REAL
ouxyjxlbkx.mp4,FAKE
ytoamycnxq.mp4,REAL
ubyopwazjr.mp4,FAKE
eiksdtapzc.mp4,FAKE
spnywzqwbd.mp4,REAL
jcdjuwmzmt.mp4,FAKE
rwwdyjcoab.mp4,FAKE
jukglapcgp.mp4,REAL
kvmmmsyccu.mp4,FAKE
nruahvthlg.mp4,REAL
dtcpeyippm.mp4,FAKE
woqrsxmcqd.mp4,FAKE
zlkoohzpcf.mp4,FAKE
zkvhsozira.mp4,FAKE
bkfzdspzxe.mp4,FAKE
kplraprrrj.mp4,FAKE
xzxiydqftt.mp4,FAKE
fomhmpfeki.mp4,FAKE
shpnotzsvp.mp4,FAKE
xjnkgrhlxa.mp4,FAKE
kmrzrpgrje.mp4,FAKE
qwlwixugzd.mp4,FAKE
xccslnqwdk.mp4,FAKE
rauyrxosyg.mp4,FAKE
rmsuzlbffb.mp4,REAL
zqwzlnrofa.mp4,REAL
rsxtvgbukd.mp4,FAKE
txucekgbek.mp4,FAKE
iqbxvhzmim.mp4,FAKE
dstibundsx.mp4,REAL
issauoyrxi.mp4,FAKE
klspoouqnm.mp4,FAKE
oinhhamyyh.mp4,FAKE
huzmagmeaq.mp4,FAKE
giatedowhb.mp4,FAKE
ueamkomtbu.mp4,FAKE
zbyqxeooii.mp4,FAKE
dnepnrozau.mp4,FAKE
mdtoybdkpk.mp4,FAKE
pfdjrgimcs.mp4,FAKE
xmmacfcrck.mp4,FAKE
eimjakthpp.mp4,REAL
csdrnqjwev.mp4,REAL
ailyhemgyh.mp4,FAKE
nygscpfcmc.mp4,FAKE
cbzwrelxyx.mp4,FAKE
ynxvliidxj.mp4,FAKE
remfdtczwp.mp4,REAL
vnaczkvazd.mp4,FAKE
utfamtxcne.mp4,REAL
fexsdiriwq.mp4,FAKE
qblzitowmd.mp4,FAKE
quaplknunm.mp4,FAKE
opsdpfofpl.mp4,REAL
blggyzbach.mp4,FAKE
lwjfvspoxx.mp4,FAKE
jucsqxtxyy.mp4,FAKE
ljlhigyaui.mp4,FAKE
azxilcbqro.mp4,FAKE
kmakwrqxvf.mp4,FAKE
precbwldip.mp4,FAKE
hbqncanmxj.mp4,FAKE
fvdkgreggl.mp4,FAKE
jpnvuqkdvw.mp4,FAKE
nkvjwninde.mp4,FAKE
ustsdmxebc.mp4,FAKE
kzowogriby.mp4,FAKE
mnmxhznbjv.mp4,FAKE
epwvkmbqze.mp4,FAKE
lxkyjjvhox.mp4,FAKE
nbaebccpws.mp4,FAKE
htrststslc.mp4,FAKE
ablzgowmwo.mp4,REAL
pyoktlubkx.mp4,REAL
pppeebxoxb.mp4,FAKE
ofnwekjzfk.mp4,FAKE
dvdwbwsztw.mp4,FAKE
vsseefgrpz.mp4,FAKE
mhjafyjzeo.mp4,FAKE
vseinenudj.mp4,FAKE
ncvtgryovd.mp4,REAL
qgqsgtekwl.mp4,FAKE
dosoafcydc.mp4,FAKE
eogtafeebh.mp4,FAKE
twijqqackk.mp4,FAKE
wfovmbxkor.mp4,FAKE
edcmihwqte.mp4,FAKE
tlpyfwrcok.mp4,FAKE
urqphmbbwt.mp4,FAKE
cvnvkjcftg.mp4,FAKE
estkogwhdn.mp4,FAKE
uvxgxixgmy.mp4,FAKE
ahdjlkjoiy.mp4,FAKE
vzlnetywmn.mp4,FAKE
lbryesqbhr.mp4,FAKE
kzhgbsnrpv.mp4,FAKE
vuzoqeinxf.mp4,FAKE
agwcegyvuy.mp4,FAKE
deeanfuurl.mp4,FAKE
mbnzdxplie.mp4,REAL
uyicbgrtkh.mp4,FAKE
xxwiifioix.mp4,REAL
bggikytkou.mp4,FAKE
titlyyrfyv.mp4,REAL
kohpcxdnaw.mp4,FAKE
pbbsdbuhfp.mp4,FAKE
cazdiesnim.mp4,REAL
uafgnqzztf.mp4,FAKE
tplojghgtf.mp4,FAKE
hvdoehnjwf.mp4,FAKE
xezjoofwnh.mp4,FAKE
kilpmyuydv.mp4,FAKE
eqrqiddmsp.mp4,REAL
wvdxuyxera.mp4,FAKE
ecqfzguvwy.mp4,REAL
nzxjkjukpt.mp4,REAL
yysxcapiqg.mp4,REAL
izanyxbfrw.mp4,REAL
zkwfpxpywa.mp4,FAKE
mpkufiekdi.mp4,FAKE
avujxrubzm.mp4,REAL
awderxpojn.mp4,FAKE
qzfgbrcgnz.mp4,FAKE
emqwvillhl.mp4,FAKE
jwuvyyuizf.mp4,FAKE
jawwlbojon.mp4,REAL
gwzawzndsp.mp4,FAKE
wbelabeuad.mp4,FAKE
jujfgbmoph.mp4,FAKE
ceygiieeyf.mp4,FAKE
itjnrsyhwt.mp4,FAKE
bjgqahnwit.mp4,FAKE
avlcvrdnno.mp4,FAKE
vaczbzyhgi.mp4,FAKE
xsuthzpywj.mp4,FAKE
dcdfljnxtj.mp4,FAKE
uqzhzxhnwv.mp4,FAKE
jlwshdrqfu.mp4,FAKE
vdfriqcjub.mp4,FAKE
idexzksgyj.mp4,FAKE
zbvwfhvacc.mp4,FAKE
ngjgqjxfyq.mp4,FAKE
lczxtmerdn.mp4,FAKE
ansipdckmu.mp4,FAKE
xhjkofmulp.mp4,FAKE
bkycjjxlti.mp4,FAKE
umvpwnixvc.mp4,FAKE
mnzuibujnf.mp4,FAKE
cvgfzoyatn.mp4,FAKE
vjxovbbopn.mp4,FAKE
ffsfxbzlwg.mp4,REAL
qzxfohujoh.mp4,FAKE
fgkdqdbhvs.mp4,FAKE
ighlqjimfj.mp4,FAKE
etwaxilsdd.mp4,FAKE
hbkkbnjewp.mp4,FAKE
kksyrrjgsg.mp4,FAKE
gxngmfmgoh.mp4,FAKE
zlvhsymxaz.mp4,FAKE
lsuihvywzr.mp4,FAKE
ydnolptgxi.mp4,FAKE
qbwkcbtvdi.mp4,FAKE
qqujivuvxv.mp4,FAKE
brydrdnlln.mp4,FAKE
bkdtympvxj.mp4,REAL
bqjaliddvr.mp4,FAKE
glrmqblnzq.mp4,FAKE
lumypoekot.mp4,FAKE
qdjfbfqwau.mp4,FAKE
fsymtbbuev.mp4,FAKE
wqnlooubux.mp4,REAL
itmayxiyne.mp4,FAKE
ipmqfvmqcf.mp4,FAKE
kfzgxyeiug.mp4,FAKE
ktyzrmlpry.mp4,FAKE
vveoacswag.mp4,FAKE
aholwinrku.mp4,FAKE
cdopdljvgt.mp4,FAKE
tqjnbjnohx.mp4,FAKE
erlfvbahxg.mp4,FAKE
tlgvytnqvn.mp4,REAL
tcxflmfzhv.mp4,FAKE
mrepayhnrw.mp4,FAKE
npdnxmhnpy.mp4,FAKE
qajemupvld.mp4,FAKE
xakgymasfr.mp4,FAKE
gfacqibhjv.mp4,FAKE
vzaaiyqhaa.mp4,FAKE
xlyhhwudyq.mp4,FAKE
gxikrajfoi.mp4,FAKE
dpkztjklge.mp4,FAKE
xmeflrelzc.mp4,FAKE
qnuhltujpb.mp4,FAKE
orweihnpge.mp4,FAKE
qqdjtkcbps.mp4,FAKE
oxcmgzeppb.mp4,REAL
rgwnakzckp.mp4,FAKE
lispjtnprs.mp4,FAKE
gbifwixlyi.mp4,REAL
mrntbubgqc.mp4,FAKE
eljuwtunzi.mp4,FAKE
uonguauuua.mp4,REAL
eeghdjervn.mp4,FAKE
mslgnyuhos.mp4,REAL
nrwoaqcgfm.mp4,FAKE
dvwhlcpaem.mp4,FAKE
yexfywrwsn.mp4,FAKE
kplgwaqclf.mp4,FAKE
didwlikulu.mp4,FAKE
fclfsmueha.mp4,REAL
tmdfusvvkx.mp4,FAKE
kiomgwmpkr.mp4,FAKE
dlfyulzzzg.mp4,FAKE
niwmvhbuqc.mp4,FAKE
jrwxbewzym.mp4,REAL
runjevrpbq.mp4,FAKE
mxcxxyesby.mp4,FAKE
dbcawspopu.mp4,FAKE
ftuuhmjvkm.mp4,FAKE
mqcnpxdynh.mp4,REAL
nwzvljonuc.mp4,REAL
yosddukuyy.mp4,FAKE
iqtyytiicl.mp4,FAKE
ihspovngfo.mp4,REAL
mmkmdsrphs.mp4,FAKE
vtaagrckne.mp4,FAKE
czhifxynwd.mp4,FAKE
gtplxcgfys.mp4,FAKE
fsotugbzaw.mp4,FAKE
ttvxwzwfqo.mp4,FAKE
uesxldpvdl.mp4,FAKE
uxtaphyiwy.mp4,FAKE
riwuhdrfaw.mp4,FAKE
rmxvptssww.mp4,FAKE
cwzsutjiqz.mp4,FAKE
owhksklreq.mp4,FAKE
qskciwabjp.mp4,FAKE
chmoaszycy.mp4,FAKE
igjcwfmodt.mp4,FAKE
swozlnezbo.mp4,REAL
gtnriwuckg.mp4,FAKE
svobeufkzl.mp4,FAKE
nzperxctme.mp4,FAKE
umdojzbwds.mp4,FAKE
eltklzymmv.mp4,FAKE
yohwxdbinf.mp4,FAKE
dtnibazvrf.mp4,FAKE
waupladggx.mp4,FAKE
kzcvymocrb.mp4,FAKE
mfwbolwwrm.mp4,FAKE
kmdxguxguc.mp4,FAKE
mmmmtvbofq.mp4,FAKE
kggbciadwj.mp4,REAL
ienmumzvce.mp4,FAKE
aqwyabxema.mp4,FAKE
yrxxdadzac.mp4,FAKE
rrnxoizohf.mp4,FAKE
yubkooqbsm.mp4,REAL
gkgyuginbd.mp4,REAL
mqykoqcwla.mp4,FAKE
qfhqtbavpl.mp4,FAKE
kxtuskzjmz.mp4,FAKE
zwczgexljf.mp4,FAKE
ufjibzdkqq.mp4,FAKE
mwlmuwsrbi.mp4,FAKE
iipackcsoi.mp4,FAKE
bdqrqgwytw.mp4,REAL
dauvhtvqmh.mp4,FAKE
fheejoaovv.mp4,FAKE
gcgkoyodpx.mp4,REAL
ndixgditym.mp4,FAKE
hbxeabadwd.mp4,FAKE
naumeulvyt.mp4,FAKE
ixgwqqnyaz.mp4,FAKE
xihezvabxa.mp4,FAKE
dpkpwadajp.mp4,FAKE
yeabzuilfx.mp4,REAL
hzpeccyres.mp4,FAKE
ynhdroiwzr.mp4,REAL
oigplhmsvb.mp4,FAKE
qoioohxuga.mp4,FAKE
zwstozefkz.mp4,FAKE
wrorqvpbsi.mp4,FAKE
xobvooztra.mp4,FAKE
qxramfeoin.mp4,FAKE
qytdwfhonf.mp4,FAKE
vciejrdkgf.mp4,REAL
vnorfntjyd.mp4,FAKE
stqmyincfr.mp4,FAKE
mkpxlnvlil.mp4,REAL
mufmqwfukc.mp4,FAKE
hnlxdctrny.mp4,FAKE
wgwsqupirx.mp4,FAKE
zecifnbehq.mp4,FAKE
jcayovyzfd.mp4,FAKE
pxphjdphnu.mp4,FAKE
paervsnozl.mp4,FAKE
xfxavmekqj.mp4,FAKE
typpgrthrh.mp4,FAKE
jlciqrwohp.mp4,FAKE
htjhybnluy.mp4,REAL
zfjpfevuph.mp4,FAKE
kwrkjstvlv.mp4,FAKE
rmyljulkgw.mp4,FAKE
sjxfynsiwd.mp4,FAKE
raqzpsejtj.mp4,FAKE
grzmxmpuiw.mp4,FAKE
xlqsvlvqep.mp4,FAKE
llwjceyylu.mp4,FAKE
gazppqoeeq.mp4,FAKE
kieicwdevq.mp4,FAKE
xlvxpzdqfa.mp4,FAKE
xqvvrzaxma.mp4,FAKE
nfvsoknggg.mp4,FAKE
byipklfpep.mp4,REAL
hahestbqoj.mp4,FAKE
iuesigifbt.mp4,FAKE
ieglnjrfev.mp4,FAKE
avzmrjrmdd.mp4,FAKE
avjoadrpkd.mp4,FAKE
ccjorzzmdo.mp4,FAKE
mnrbtnulrw.mp4,FAKE
ykrwyglcce.mp4,FAKE
umgmlregyv.mp4,REAL
hjtnxkeduu.mp4,FAKE
muozoripwz.mp4,FAKE
lglayylfcu.mp4,FAKE
dhrzxytixv.mp4,FAKE
wkubkoeaui.mp4,FAKE
nomadqoezc.mp4,FAKE
drkkxpmdaw.mp4,FAKE
kxzthxhfgl.mp4,FAKE
wqqvrqxihh.mp4,FAKE
ycbixwbriz.mp4,FAKE
nukzdidabh.mp4,FAKE
bgmsbthrmj.mp4,FAKE
mbgbxqvxfl.mp4,FAKE
dwuyuvtbcs.mp4,REAL
yyyqdyejwn.mp4,REAL
hxyjzvavtf.mp4,FAKE
bmahmggjbd.mp4,FAKE
ahptnosmvj.mp4,FAKE
jatvfulyhg.mp4,FAKE
adneakturu.mp4,FAKE
prropvmcke.mp4,REAL
bnanycsmiw.mp4,REAL
hnrnvcrrof.mp4,FAKE
tyjhravbjf.mp4,FAKE
orouqodhrs.mp4,FAKE
mhlxinrrba.mp4,FAKE
zmmdjdpjra.mp4,REAL
vofnjqymjs.mp4,FAKE
jadochbnrm.mp4,FAKE
sbotucwqdc.mp4,FAKE
tyuneuphue.mp4,FAKE
ppczxbcxrl.mp4,REAL
puaqyhykdj.mp4,FAKE
vbdxszxpvs.mp4,FAKE
wkhyehqtzx.mp4,FAKE
rddzwabube.mp4,FAKE
ahsabqozjt.mp4,FAKE
dlawwdzkpq.mp4,FAKE
mclysxctwi.mp4,FAKE
isauernzll.mp4,FAKE
etheswuzvz.mp4,REAL
dgkbqwatne.mp4,FAKE
qtoaetpxln.mp4,FAKE
rfklwxlaxy.mp4,FAKE
shkapjfqdc.mp4,FAKE
ptiqmqsjly.mp4,FAKE
chgxpfjkpv.mp4,FAKE
ztfjilznzu.mp4,REAL
cqhvizekqo.mp4,FAKE
ezdrxsnicg.mp4,FAKE
gbsiogtker.mp4,FAKE
ihptjcufwo.mp4,REAL
gbrlxnzobr.mp4,FAKE
vbbahllztg.mp4,FAKE
wupzrhdzee.mp4,REAL
gwnxqtenem.mp4,FAKE
dhsoohbbeb.mp4,FAKE
hwotptaaxc.mp4,FAKE
beqkwtlvux.mp4,FAKE
zqriqgfsnb.mp4,FAKE
vxwpjjlzbu.mp4,FAKE
jbjxyruohr.mp4,FAKE
gtsyozritx.mp4,FAKE
zmeqyjacsd.mp4,FAKE
nutnilxlfo.mp4,FAKE
fuvccncrwv.mp4,FAKE
gqaloythtf.mp4,FAKE
ooucvotslu.mp4,FAKE
ujjulfkdis.mp4,FAKE
jgqmhhojzo.mp4,FAKE
vixgtrhsrb.mp4,FAKE
riosmbifsw.mp4,REAL
icfwwwhlnr.mp4,FAKE
anuccdjfab.mp4,FAKE
ezxxzybbmb.mp4,REAL
qqplrvxzjq.mp4,FAKE
hweedlhhgu.mp4,FAKE
bhmeqebvvc.mp4,FAKE
jgetoqsuou.mp4,FAKE
rzomlwbjlm.mp4,FAKE
ctweyxhekp.mp4,FAKE
bywsnzefxm.mp4,FAKE
uzsbkxeinl.mp4,FAKE
ruenzqaiww.mp4,REAL
dbkltefslw.mp4,FAKE
fxghgkfaut.mp4,FAKE
pjciuhedrj.mp4,REAL
nniasjivsj.mp4,FAKE
togewxzwcm.mp4,FAKE
xsbdwnhhvz.mp4,FAKE
jlfoxayiao.mp4,FAKE
kmwclbipvp.mp4,FAKE
pksawhjoar.mp4,FAKE
wfxxvzswfg.mp4,FAKE
gbfaeroziw.mp4,FAKE
kfwhclywec.mp4,FAKE
kvjaqgihat.mp4,FAKE
odzhpbyvkx.mp4,REAL
fttwtnbitf.mp4,REAL
owstcqxrio.mp4,FAKE
armqtpynhg.mp4,FAKE
twnilkytoe.mp4,FAKE
ivfzkvqnkf.mp4,FAKE
mhouvavsws.mp4,REAL
toirfnzurp.mp4,FAKE
qugwsnxuhu.mp4,FAKE
osrobbwqsd.mp4,FAKE
ffdgyalqxu.mp4,FAKE
juyijcudeb.mp4,FAKE
uvcmnjvwwg.mp4,REAL
hwojndppmu.mp4,FAKE
psmirnmcmj.mp4,FAKE
gxtutdbkfu.mp4,FAKE
hdhurbyciy.mp4,REAL
ookfdaswha.mp4,FAKE
ikxlxtlocs.mp4,FAKE
xlwebdaikv.mp4,REAL
qxqktcxqpk.mp4,FAKE
ighxwusvdb.mp4,FAKE
tzlnewnwbj.mp4,FAKE
zvvcbnvxgb.mp4,FAKE
wlddznsbmi.mp4,FAKE
mtuvvmdyrt.mp4,FAKE
nqnnsoisyr.mp4,FAKE
aeendqqdkv.mp4,FAKE
yaxrqafsok.mp4,REAL
akorjvmomz.mp4,FAKE
uaogqdzhip.mp4,FAKE
tdddhrhwak.mp4,FAKE
mhmknnucmx.mp4,FAKE
kkmzagnxpn.mp4,REAL
hygeirbptu.mp4,FAKE
tzyjdrfjtd.mp4,FAKE
zyowzrcpck.mp4,REAL
xcdcmgmqbl.mp4,REAL
hhyxnwbuxm.mp4,FAKE
bjlmsiosjt.mp4,FAKE
sjtvirizlt.mp4,FAKE
rzglourivm.mp4,REAL
ovgvuyqrik.mp4,FAKE
pvhhetqvpi.mp4,FAKE
udrnceyomx.mp4,FAKE
fjnepgselg.mp4,FAKE
chdbpzgrpy.mp4,REAL
myuiuhcdrw.mp4,FAKE
ykulchujxe.mp4,FAKE
hfjqqibivh.mp4,FAKE
bpydczlvql.mp4,FAKE
ygjutqdwgt.mp4,FAKE
ynsxzcicxv.mp4,REAL
rubykuiild.mp4,REAL
zdlywudszl.mp4,FAKE
tysrnftddc.mp4,REAL
lcdwxnbwvj.mp4,FAKE
cnglddzyhs.mp4,FAKE
grmizxkvuo.mp4,FAKE
hjzwbsmiam.mp4,REAL
pnxmphjyyo.mp4,REAL
gvsnifvwiu.mp4,FAKE
kpqwzjkytx.mp4,FAKE
arqemexeyx.mp4,REAL
dfvrytdmoe.mp4,FAKE
jzegtrfqbn.mp4,REAL
gkoxyhfssm.mp4,FAKE
acwsfbvhdr.mp4,FAKE
uweunfixll.mp4,FAKE
sykbwiueyz.mp4,FAKE
njgxifopwk.mp4,FAKE
luynogpajn.mp4,REAL
kwrltqfxwc.mp4,FAKE
lmttuiemgy.mp4,FAKE
adybvfykyw.mp4,FAKE
zctwfbqpyt.mp4,FAKE
taesskzmlg.mp4,FAKE
qzzmxxqdlp.mp4,FAKE
enxqnminak.mp4,FAKE
wyogyhucud.mp4,FAKE
gysnrxvhbn.mp4,FAKE
ijthkzsvdb.mp4,FAKE
okrxijdnnp.mp4,FAKE
yvzlvphjyt.mp4,REAL
ndqwevrpnb.mp4,FAKE
qcgodnafwo.mp4,FAKE
dvrpcwpawq.mp4,FAKE
djylanzkqq.mp4,FAKE
ucmyvirgny.mp4,FAKE
blphnebfgt.mp4,FAKE
lqghtpbccp.mp4,FAKE
qiowzezcuz.mp4,FAKE
qhupsusbfb.mp4,FAKE
qgkqxjgjcj.mp4,FAKE
sjpiunhhce.mp4,FAKE
tvfsdhxgxz.mp4,FAKE
gzklathjwo.mp4,FAKE
cffiamlmxj.mp4,FAKE
ttzwpvnubk.mp4,FAKE
hgbosjbwer.mp4,FAKE
kgvknrfbfm.mp4,FAKE
rjblhiaico.mp4,FAKE
sogswysgnr.mp4,FAKE
wlbgkanqxl.mp4,FAKE
avxvnpjfmp.mp4,FAKE
lwutssrfou.mp4,FAKE
ejqrxvtucr.mp4,FAKE
tqvbydvocx.mp4,FAKE
ezkhhudbyn.mp4,FAKE
mfxbxghiff.mp4,FAKE
nqibajftlx.mp4,FAKE
dxotkftrcj.mp4,FAKE
zudhjvyxjv.mp4,FAKE
fsfnueduvi.mp4,FAKE
moltcujdwt.mp4,FAKE
kcjtllkoer.mp4,FAKE
xlzbtjencd.mp4,FAKE
odwvegiiuq.mp4,FAKE
yknlciphae.mp4,FAKE
svmtnvbrgr.mp4,FAKE
dmitzbstzi.mp4,REAL
qwdgcewzio.mp4,FAKE
rrvadrfacv.mp4,FAKE
xgbhkjqfgj.mp4,FAKE
hpmlabxnio.mp4,FAKE
gbfqxrepqh.mp4,FAKE
kgvtpnauwc.mp4,FAKE
kyadqymepj.mp4,FAKE
nnjdyqcklv.mp4,FAKE
mrfwmdqxqp.mp4,FAKE
zmqntjesto.mp4,FAKE
vvcnnaruns.mp4,FAKE
sjrhibhmso.mp4,FAKE
ozdlktjswd.mp4,FAKE
uljtgezhbh.mp4,FAKE
monpghgyjw.mp4,FAKE
sowchioelh.mp4,REAL
btcezppbsv.mp4,FAKE
ypavsvctpq.mp4,REAL
eyanizeghw.mp4,FAKE
rgduernkfc.mp4,REAL
ipgikzjqty.mp4,REAL
oulyfsnsam.mp4,FAKE
dccgpwoegm.mp4,FAKE
vigypenwpk.mp4,FAKE
gazrgzbnzj.mp4,FAKE
nkgzseqjqe.mp4,FAKE
sedoblbays.mp4,FAKE
qouurihyah.mp4,FAKE
mzukjtldcu.mp4,REAL
tmzwscbfnt.mp4,FAKE
pxdtilqmlb.mp4,FAKE
casqxjtmqh.mp4,FAKE
mybwbtegui.mp4,REAL
nhlnbqfhnr.mp4,FAKE
ydvzdwgfeh.mp4,FAKE
hsvcyrhekj.mp4,FAKE
wpcjrqaoeo.mp4,FAKE
twsektzneb.mp4,FAKE
onkgvpzzli.mp4,FAKE
eqheddgayq.mp4,FAKE
xihxyfasjq.mp4,FAKE
loupeisbvj.mp4,FAKE
rpohehwnrk.mp4,FAKE
gkokllbuwd.mp4,FAKE
rcbxoojslb.mp4,REAL
mifukgvbjz.mp4,FAKE
jjokcipras.mp4,FAKE
nrluhgnhdx.mp4,FAKE
qncnpxdpqc.mp4,FAKE
kkvktewfvj.mp4,FAKE
xaxfckboxg.mp4,FAKE
itmwamwnte.mp4,REAL
zccgqwyjjf.mp4,FAKE
fvuwtdqdpe.mp4,FAKE
wrppsywutk.mp4,FAKE
vwjieoenck.mp4,FAKE
xglposcmhp.mp4,FAKE
bfexklkiyj.mp4,FAKE
uervoluite.mp4,FAKE
jccywqqkjl.mp4,FAKE
mcdyxsesgl.mp4,FAKE
cjrcsxqacy.mp4,REAL
upjpywzofs.mp4,FAKE
gqexbjfyjp.mp4,FAKE
jnxmqudjbd.mp4,FAKE
dqavjmidxr.mp4,REAL
cmhfwbgfrv.mp4,FAKE
usgtyvixrq.mp4,REAL
owklurbwjr.mp4,FAKE
tkpnnjqryo.mp4,FAKE
luwvnkgoks.mp4,FAKE
xjhonbnslc.mp4,FAKE
nsqgovyzeb.mp4,FAKE
cnukeekhca.mp4,FAKE
eagqabbzku.mp4,REAL
ifcyqviwvw.mp4,FAKE
tccoiaymek.mp4,FAKE
blvdxvadvd.mp4,FAKE
xkstqrneyc.mp4,REAL
blbvdywnbk.mp4,REAL
aibfastlwt.mp4,REAL
yadesprund.mp4,FAKE
rakpnlyqeb.mp4,FAKE
ptgpefayqs.mp4,FAKE
ztykuuswas.mp4,FAKE
mrqdkngrde.mp4,REAL
vuaoqsjxzh.mp4,FAKE
szbwcfpktx.mp4,FAKE
jiztppgqlc.mp4,FAKE
hiuvwmhppi.mp4,FAKE
qtjxsfsjrp.mp4,FAKE
dauwchljha.mp4,FAKE
fsuuqoiuqk.mp4,FAKE
iqclpotodm.mp4,FAKE
ybxebjoeov.mp4,FAKE
hziwzozche.mp4,FAKE
yvuxjtlobo.mp4,FAKE
knbpqrlrei.mp4,FAKE
epmehiyhap.mp4,FAKE
lqgiihfyqh.mp4,FAKE
vbtoetnnyx.mp4,FAKE
htqmwqohyq.mp4,FAKE
jfrkmgldsg.mp4,REAL
rpstspiseo.mp4,FAKE
aghvhjzesz.mp4,FAKE
pfpnjcjzxh.mp4,FAKE
awynklddka.mp4,FAKE
foncmjwcrn.mp4,FAKE
ypupzqdqla.mp4,FAKE
fkqkixrhhn.mp4,FAKE
icnessjxcq.mp4,REAL
qaihxszzod.mp4,FAKE
ibealpglid.mp4,FAKE
cqpyzqtnqt.mp4,FAKE
iereerqidh.mp4,FAKE
snwhyjxgrr.mp4,FAKE
zlsqiyjmvt.mp4,REAL
lyzashzagd.mp4,FAKE
nwqgbbwywe.mp4,FAKE
jdkiztrola.mp4,FAKE
uoexhitxcx.mp4,FAKE
sehtobdelp.mp4,FAKE
tbdavpyxni.mp4,FAKE
lnqapliwfm.mp4,FAKE
kqdkmvplpu.mp4,FAKE
mtfrwvgfod.mp4,FAKE
qtljjtavrz.mp4,FAKE
jlluoqdjqg.mp4,FAKE
ahfmgtflry.mp4,FAKE
lsonxkurea.mp4,FAKE
bkrluluooo.mp4,FAKE
qhlsutgkzv.mp4,FAKE
evkmrhlwak.mp4,FAKE
clbvlczmey.mp4,FAKE
qigvuxrdhd.mp4,FAKE
izswxtsqsy.mp4,FAKE
hzfozlzdnz.mp4,REAL
xhqtvlnwrf.mp4,FAKE
lgvylkvmdb.mp4,FAKE
ueukrlauqc.mp4,FAKE
navbmtvacb.mp4,FAKE
ldivkyfnci.mp4,FAKE
hcbktkbpzb.mp4,FAKE
ctmaffxlnx.mp4,REAL
otcgvkdbwh.mp4,REAL
frqkzhyuzj.mp4,FAKE
jqahakmukd.mp4,FAKE
jxphdifuqd.mp4,FAKE
wnqodiowwt.mp4,REAL
uhabienydy.mp4,REAL
sqzyucpnva.mp4,FAKE
xgyqgwtrxi.mp4,FAKE
ftyxisyzxr.mp4,FAKE
tezjtpctqs.mp4,REAL
xhtojftkga.mp4,FAKE
wwffrwubph.mp4,REAL
yvlmobwnic.mp4,FAKE
bvdoltmmat.mp4,FAKE
odbpvacjym.mp4,FAKE
pwdglwjtgn.mp4,FAKE
gzbfzvyoqj.mp4,FAKE
nirirlsfrj.mp4,FAKE
ynqrdngnqh.mp4,REAL
ymcjszkoss.mp4,FAKE
wboooesvdf.mp4,FAKE
ykpkruwbaq.mp4,FAKE
ectfovhloh.mp4,FAKE
dcujufwtaa.mp4,FAKE
tumiaggrwh.mp4,FAKE
fzzkhjbfpv.mp4,FAKE
qzpdkijcgy.mp4,FAKE
fnpbmfxslw.mp4,FAKE
eqzbjcldzm.mp4,FAKE
cygncccjph.mp4,REAL
vrqjttlnuo.mp4,REAL
cjjfcqwmoe.mp4,FAKE
vblwozxrwy.mp4,FAKE
irqifzfaut.mp4,REAL
jcmrarqwsh.mp4,FAKE
vxlqkjtyuk.mp4,FAKE
vglkltoonj.mp4,FAKE
yraqiglxsz.mp4,FAKE
wvjuhsrnuz.mp4,REAL
pzpqeeuchy.mp4,FAKE
fjfchiabde.mp4,FAKE
qonihxkeqb.mp4,FAKE
odtwsblwwa.mp4,FAKE
dnmpnubwvr.mp4,FAKE
mwwloqsskl.mp4,FAKE
ntdgkueydl.mp4,FAKE
liydqeovvr.mp4,FAKE
gdyaocjsoz.mp4,FAKE
erlhaegtba.mp4,FAKE
vsixkzehvf.mp4,FAKE
qtbakomdbu.mp4,FAKE
ounmpvfhqa.mp4,FAKE
aiolqtfgui.mp4,FAKE
nbmwjrqxva.mp4,FAKE
ohirnaqplk.mp4,FAKE
sfzeczujwx.mp4,FAKE
tfggknlbam.mp4,FAKE
mdadsdfjzt.mp4,FAKE
lgbhmzkgvn.mp4,FAKE
kfvqbdvjvb.mp4,REAL
cgzffezhdl.mp4,FAKE
aarvjowgvd.mp4,FAKE
qvrdmajxtr.mp4,FAKE
lajfcrkvdj.mp4,FAKE
odttzxfprw.mp4,FAKE
hycihhjjzq.mp4,FAKE
vopnwhylpf.mp4,FAKE
mynsawrfjy.mp4,FAKE
fvtgafkqys.mp4,REAL
vmalpcczmq.mp4,FAKE
dxjhcwurnv.mp4,FAKE
uiwwusstzb.mp4,FAKE
bfajqsxjis.mp4,FAKE
zeepectpta.mp4,FAKE
jszdwwjajd.mp4,FAKE
pvxroukbzo.mp4,FAKE
telsdablyu.mp4,FAKE
tiknlybyey.mp4,FAKE
lcskzcnbhg.mp4,FAKE
qsrwgwmwfl.mp4,FAKE
lobyiumwce.mp4,REAL
kluheuceib.mp4,FAKE
ifygltkojr.mp4,REAL
rwpyvhwmbb.mp4,FAKE
dattpmhfah.mp4,FAKE
bhgxwxvrks.mp4,FAKE
fcirooygfa.mp4,FAKE
lpusajiuqr.mp4,FAKE
cvxyomzrnm.mp4,FAKE
xdxrilkqam.mp4,FAKE
vmaarhebuf.mp4,REAL
ycvqznokqy.mp4,FAKE
zcxyedqnnl.mp4,FAKE
kjnncsedba.mp4,FAKE
poaytcvjuw.mp4,FAKE
lhissglxli.mp4,FAKE
xgawqpwdfr.mp4,FAKE
mohcndxtzi.mp4,FAKE
dsmgcmdqxy.mp4,FAKE
hwborqafnv.mp4,FAKE
oslrwgfzxa.mp4,REAL
eookpnqhvf.mp4,FAKE
gdhjptskze.mp4,FAKE
jvmimpgivr.mp4,REAL
hitvddsmkj.mp4,FAKE
swtygjislq.mp4,REAL
tbuuuamwak.mp4,REAL
mogoqkfmfa.mp4,FAKE
rssftyijge.mp4,FAKE
aekvkkmfqi.mp4,FAKE
itsamkzzry.mp4,FAKE
gcfpxweapn.mp4,FAKE
cjsfppvdok.mp4,FAKE
uwoioyihog.mp4,FAKE
lvruwxtolw.mp4,FAKE
lnfctblpju.mp4,REAL
dicvhmhhkg.mp4,FAKE
zshpimlech.mp4,FAKE
icjdxrzrwp.mp4,REAL
hisqqfkdbd.mp4,FAKE
hokodwrnpw.mp4,FAKE
krdjchtrto.mp4,FAKE
cnspvaxxfr.mp4,FAKE
pevufhyyni.mp4,FAKE
vvrlglaepq.mp4,REAL
hlbfwnpuef.mp4,FAKE
pkemjsdtxm.mp4,REAL
msonxxwrnc.mp4,REAL
adpaakulte.mp4,FAKE
jfgjmrvqve.mp4,FAKE
seuxoppxta.mp4,FAKE
lkfxzxvjvg.mp4,FAKE
vdpftagzyt.mp4,FAKE
aksopgeldv.mp4,FAKE
iwjixagmqy.mp4,FAKE
andlgdcxdr.mp4,FAKE
ykkdulddle.mp4,FAKE
eriwsrvpmv.mp4,FAKE
bxzjlrolfa.mp4,FAKE
mkekdeolvn.mp4,FAKE
yweqqbbcbd.mp4,FAKE
yqltzypccg.mp4,FAKE
imamkvpuhk.mp4,FAKE
zjatoyujpi.mp4,REAL
vatmotxgvh.mp4,FAKE
grdfngecmz.mp4,FAKE
aknnjyuypy.mp4,FAKE
dkegmyzfmk.mp4,FAKE
jkgbucpzki.mp4,REAL
giivbedwpe.mp4,FAKE
gisbgacysy.mp4,FAKE
csdlxtagim.mp4,REAL
afhxxvslsv.mp4,FAKE
erbxczqpfj.mp4,FAKE
npxgjslmxz.mp4,FAKE
frfjmachtj.mp4,FAKE
pybvlrezic.mp4,FAKE
jfbnkogfbq.mp4,REAL
wrpasxekck.mp4,FAKE
ihmdsgwsox.mp4,FAKE
fxdvdnevdv.mp4,FAKE
abzelcbnya.mp4,FAKE
crenxvvkwy.mp4,FAKE
auvfkpejdn.mp4,FAKE
hrundztjfb.mp4,FAKE
hgmnnbtuyw.mp4,FAKE
tlztlpackl.mp4,FAKE
ifuaobfrhn.mp4,FAKE
vflotlehgp.mp4,FAKE
yreslhphmf.mp4,FAKE
gpobttqxoe.mp4,FAKE
jkcjtokpwd.mp4,FAKE
ydgkmyvtnv.mp4,FAKE
mfbenlptlg.mp4,FAKE
qifhccqwpi.mp4,REAL
uzwmhgnvct.mp4,REAL
lelncdydjm.mp4,FAKE
wxsptftjqx.mp4,FAKE
kcbvvaqrbg.mp4,FAKE
lvssjwtfhu.mp4,FAKE
ejcsfyytxh.mp4,FAKE
vmnsqsedbm.mp4,REAL
fpsrbiuoxh.mp4,FAKE
psjltzzzlb.mp4,FAKE
edmxswvrpy.mp4,FAKE
ngdpqiorqa.mp4,REAL
yrnzzsbvia.mp4,REAL
zxzzrvjwey.mp4,FAKE
tucdskhtcj.mp4,FAKE
dypjkknirz.mp4,REAL
zweypycsww.mp4,FAKE
btuivreuqv.mp4,REAL
aqyvunegbf.mp4,REAL
sakehvmjgw.mp4,FAKE
czysurxwoe.mp4,FAKE
kbwquvelaz.mp4,FAKE
nnjmbcmolg.mp4,REAL
zivoqdobmh.mp4,FAKE
dmspqijafg.mp4,FAKE
zoxnxjahfj.mp4,FAKE
vvhbvxinbi.mp4,FAKE
rjgtoeqwfn.mp4,FAKE
odmwoavpit.mp4,FAKE
qzheucgsag.mp4,FAKE
xsezychbeb.mp4,FAKE
qdykxkafki.mp4,REAL
viklaxjryk.mp4,FAKE
mltsotgrqa.mp4,FAKE
goksepviwp.mp4,FAKE
zuswwdmccc.mp4,REAL
vvsmatlhfs.mp4,REAL
pvinqmwvsm.mp4,FAKE
axqoxnsewc.mp4,REAL
rdncyjhnru.mp4,FAKE
vvgbrorobc.mp4,FAKE
shvaqyduzg.mp4,REAL
knajheusei.mp4,FAKE
ywxcvcedqc.mp4,FAKE
zmlmareozd.mp4,FAKE
igvrhmiggl.mp4,FAKE
myhipsckog.mp4,FAKE
vryjwtzaus.mp4,FAKE
jtairnyezr.mp4,FAKE
yxtodyhxao.mp4,FAKE
ldmdjnvkjb.mp4,REAL
kgposxeaju.mp4,FAKE
kygmgbcrjg.mp4,FAKE
rwdlslukzo.mp4,FAKE
eljyfxrymd.mp4,REAL
nfafsubvpa.mp4,FAKE
kumudcywnr.mp4,FAKE
lulnvagyst.mp4,FAKE
oljwcxiqlq.mp4,FAKE
otudmwcikv.mp4,FAKE
mpfswrzaek.mp4,FAKE
cffiwsldyw.mp4,REAL
idgfprlyln.mp4,FAKE
ktaailvunq.mp4,FAKE
ehgpscsvsm.mp4,FAKE
cgbykzkgdg.mp4,FAKE
prkiqmcwhy.mp4,REAL
zijoelafvh.mp4,FAKE
agiddwueyy.mp4,REAL
ptvnrlztcb.mp4,FAKE
sgwukgsdit.mp4,FAKE
hupbgcxpua.mp4,FAKE
mgjcsexroi.mp4,FAKE
fpqcxcbiqr.mp4,REAL
tnxgtbgnho.mp4,FAKE
giiunfhqki.mp4,FAKE
jyvlalljen.mp4,REAL
kcgjixienn.mp4,FAKE
gvgkvfjchj.mp4,FAKE
xffjagiwxy.mp4,FAKE
cjadoedyhk.mp4,FAKE
sjlunnlfel.mp4,FAKE
umsjbpjqjx.mp4,REAL
yckltoblhr.mp4,FAKE
unjcsfshdl.mp4,FAKE
ubieghmqdq.mp4,FAKE
jymmdldqhb.mp4,FAKE
uwtvwxdlyy.mp4,FAKE
hrzmpehsmo.mp4,FAKE
udhoamgxmx.mp4,REAL
rogvhqquvo.mp4,FAKE
yznlohwait.mp4,FAKE
fsmxujzmop.mp4,FAKE
jqajhrcgwo.mp4,FAKE
fpnccssfmc.mp4,FAKE
xqdjpdsyhx.mp4,FAKE
qoptapgmcd.mp4,FAKE
upypnfwhqx.mp4,REAL
poljvsypou.mp4,FAKE
elvwyqspgu.mp4,FAKE
jqcmfgxaeb.mp4,FAKE
kmztaltwlb.mp4,FAKE
etyziqzyyr.mp4,FAKE
lixldshqhu.mp4,FAKE
qsdzskajsg.mp4,FAKE
uvwqakhkxi.mp4,FAKE
ykbowlpmcp.mp4,FAKE
bwidycpzpc.mp4,FAKE
umvwfynjoo.mp4,REAL
zpnpdavqsa.mp4,FAKE
xqvhhcahxn.mp4,FAKE
mnrrsffpmg.mp4,FAKE
nqmzfbqere.mp4,FAKE
jfmqjuqapd.mp4,FAKE
glwnakzkru.mp4,FAKE
hyliepneal.mp4,FAKE
vzloiamnpz.mp4,FAKE
rqhqxjvnib.mp4,FAKE
soyvjikiic.mp4,FAKE
rgsqvjtyqc.mp4,FAKE
xbapjhsutr.mp4,FAKE
frczmdfzza.mp4,REAL
amnewwygcj.mp4,REAL
ekjbtuucpz.mp4,FAKE
hibkmwmyum.mp4,FAKE
hedvoqehaw.mp4,FAKE
whpktkqmls.mp4,FAKE
bmrvbaqddk.mp4,FAKE
ljlaiuqagh.mp4,FAKE
mbhtbgaivj.mp4,FAKE
gfrraqliuv.mp4,FAKE
ozcbpsannl.mp4,FAKE
enzhejuswm.mp4,FAKE
njqlwxrenw.mp4,FAKE
rdfpsyryss.mp4,FAKE
jraejjhhhy.mp4,FAKE
ubkhkdghhr.mp4,FAKE
ptivgzjnix.mp4,FAKE
onwhtirmce.mp4,FAKE
lfljtvgdoh.mp4,FAKE
istkzsdbjr.mp4,FAKE
upubekspin.mp4,FAKE
qypuhvjnor.mp4,FAKE
tzfkenqmcp.mp4,FAKE
ddanabbzkp.mp4,FAKE
xjnczgpxwy.mp4,FAKE
qgwthpvlxl.mp4,FAKE
hvrkqpjkkr.mp4,FAKE
hswgjnccsw.mp4,FAKE
pkzxaxeqmr.mp4,FAKE
fbfxmcwltv.mp4,FAKE
fmcqevzmhb.mp4,FAKE
ifbrrxlvmt.mp4,FAKE
oaiiokpdwu.mp4,FAKE
ffhxffomjj.mp4,FAKE
cfayaairkq.mp4,REAL
hecfssiezj.mp4,FAKE
dbinjrmthj.mp4,FAKE
iannnhnrdb.mp4,FAKE
uzoxicwhmy.mp4,FAKE
hslyybugvf.mp4,FAKE
iuslenlqix.mp4,FAKE
gwiamzhwlp.mp4,FAKE
uuesxzdxol.mp4,FAKE
hbfojotjge.mp4,FAKE
perzdjoxiy.mp4,FAKE
mygtpgseqd.mp4,FAKE
yfqmolfisc.mp4,FAKE
aqdkgdinvb.mp4,FAKE
iyfrjjoark.mp4,FAKE
uyfnfvsxez.mp4,REAL
bvgkpjzhyn.mp4,FAKE
ejxtahzrdt.mp4,FAKE
ginsggyqvz.mp4,FAKE
zfzxgbddtt.mp4,FAKE
rsnwvtvozn.mp4,FAKE
ahxnjolsip.mp4,FAKE
wblglhtniu.mp4,FAKE
vlfyxaxlhx.mp4,FAKE
lkjgzcuaoi.mp4,REAL
mbiycqvdxh.mp4,FAKE
akktehfoui.mp4,REAL
oelxeqlmyn.mp4,FAKE
goeomnbuee.mp4,FAKE
lbgfcmdliq.mp4,FAKE
tfanykvkvi.mp4,FAKE
ktvdyyelcb.mp4,FAKE
awgczyqngx.mp4,FAKE
lgaorclzlm.mp4,FAKE
ygefiytago.mp4,FAKE
rhhfdmrzmp.mp4,FAKE
amdnvezdcv.mp4,FAKE
fynfkcgwri.mp4,REAL
mbpzizgfwb.mp4,FAKE
jmtbneszao.mp4,FAKE
lrqmgytbjj.mp4,FAKE
okmqucjlso.mp4,REAL
apvuoexpux.mp4,FAKE
dnbgijcsux.mp4,FAKE
kbnjrdxovx.mp4,FAKE
qmpeuuojbz.mp4,FAKE
oohhlzapio.mp4,FAKE
lngvhtbnvb.mp4,FAKE
rxlcjaiijw.mp4,REAL
gluqpszsgi.mp4,FAKE
naaqxncjpz.mp4,FAKE
lvnnkpddsi.mp4,FAKE
qmqcefbthj.mp4,FAKE
vmvdjplrrb.mp4,FAKE
tkwqhkqctr.mp4,FAKE
wscjhgdwta.mp4,FAKE
fpsiscyfyw.mp4,FAKE
corcplqpxs.mp4,FAKE
yyhexmlgyi.mp4,REAL
bayetfizox.mp4,FAKE
cyligssaqu.mp4,FAKE
dzvbcsvjpx.mp4,FAKE
ovvekkawcx.mp4,FAKE
chgrtvydwz.mp4,FAKE
mjvgnqftky.mp4,FAKE
cuhrutgvft.mp4,FAKE
whmfatlqlv.mp4,FAKE
myjnthzkhv.mp4,REAL
pnjbszaplh.mp4,FAKE
jwjrmxrgbl.mp4,FAKE
jdtlmfhvel.mp4,FAKE
dpqmzbhasn.mp4,FAKE
jlhoqozcxb.mp4,REAL
rcwwsrusfx.mp4,FAKE
cfiettrfhi.mp4,FAKE
nektrpzwwp.mp4,FAKE
lhhjurmkfn.mp4,FAKE
rjmquskzfy.mp4,FAKE
ondvbgcsyq.mp4,FAKE
eqywsaajro.mp4,FAKE
ohqugyduoe.mp4,FAKE
zihzqhcbtw.mp4,FAKE
pqdvbqdewe.mp4,FAKE
lawtlbhflv.mp4,REAL
kmnboeohyo.mp4,REAL
bispzrzegu.mp4,FAKE
pjjgqiondh.mp4,FAKE
ufifaektfz.mp4,REAL
weyftpcbbz.mp4,REAL
npcsgvejxh.mp4,FAKE
zmlydmyuke.mp4,FAKE
qwprawqrpw.mp4,FAKE
zcbgulrivs.mp4,FAKE
aqtqirjyam.mp4,FAKE
jhehlerhmd.mp4,FAKE
wbegjrceqs.mp4,REAL
yetmcgjpnp.mp4,FAKE
gopaetevnq.mp4,FAKE
rwrxltmsto.mp4,REAL
eunmknftuv.mp4,FAKE
jrzhapjcjs.mp4,FAKE
fkxdhrpbkf.mp4,FAKE
krnisjmwns.mp4,FAKE
jzdsaqiiut.mp4,FAKE
xroherivlw.mp4,FAKE
eqzefvdxhy.mp4,FAKE
kwvljmliee.mp4,FAKE
zhmllgwhjm.mp4,FAKE
uwgnkpisiz.mp4,FAKE
iylhyypegc.mp4,FAKE
ggczqzzmzf.mp4,REAL
qqibjuelja.mp4,FAKE
rcndjmkidm.mp4,REAL
jtqvverdvh.mp4,FAKE
qjdunrpahp.mp4,FAKE
usqngjxenw.mp4,FAKE
ywbdkemvye.mp4,FAKE
vgjlvgostr.mp4,FAKE
nydmgquwov.mp4,FAKE
lpjtsgztfg.mp4,FAKE
wokqgsrbrb.mp4,FAKE
ffazxjhwuu.mp4,FAKE
ahclqgbbty.mp4,FAKE
fqgirixvip.mp4,FAKE
hoqyirekjb.mp4,FAKE
faypwmtdre.mp4,FAKE
jhtafcntss.mp4,REAL
ikckzwmdbr.mp4,FAKE
lcleywyfhi.mp4,FAKE
bvfnfsllna.mp4,REAL
qsmbinkaaw.mp4,FAKE
cvooazmfdb.mp4,FAKE
dsnfqciqly.mp4,FAKE
srtquminoi.mp4,FAKE
vreyfjnixd.mp4,FAKE
rgmllhylbj.mp4,FAKE
rrghzrxntt.mp4,FAKE
qcykxlusqr.mp4,FAKE
qzlnablvce.mp4,FAKE
sdufiuyimi.mp4,FAKE
kbtgialpme.mp4,REAL
vwapfmxoyf.mp4,REAL
msfnbgroee.mp4,FAKE
dhtwqllwch.mp4,REAL
zragelmdxi.mp4,FAKE
ohanvmbeab.mp4,FAKE
qcgtqnatxp.mp4,REAL
lihihnkntm.mp4,REAL
yqwqzvscvv.mp4,FAKE
rullulnzec.mp4,FAKE
rruvnirdoo.mp4,FAKE
mqcsnkuzqy.mp4,FAKE
wucyoanghr.mp4,REAL
flupgzcotk.mp4,FAKE
mofobetyqy.mp4,REAL
gyvnqdhijo.mp4,FAKE
uhzgpoxmuq.mp4,REAL
eipwxqahgp.mp4,REAL
qeidrdoowl.mp4,FAKE
lqgolmlfvz.mp4,FAKE
swbgoxjmbr.mp4,REAL
gimlsvemvh.mp4,FAKE
fhsckyuezm.mp4,REAL
gclbtfzlaa.mp4,FAKE
iukphmvuja.mp4,FAKE
jmwbojmijo.mp4,FAKE
rdjdakeijt.mp4,FAKE
kzumnqhshb.mp4,FAKE
crqclprxcp.mp4,FAKE
nmxzjhnuap.mp4,FAKE
nnicbqmtug.mp4,FAKE
buobjdgrnb.mp4,FAKE
umpjfhpcxa.mp4,FAKE
birhdtntif.mp4,FAKE
ndyyewuntx.mp4,FAKE
oryetmnmtg.mp4,FAKE
jtzgjwxifi.mp4,FAKE
hrtkxhuwou.mp4,FAKE
slcbbolzap.mp4,FAKE
qgtyghedfl.mp4,FAKE
olwukylloa.mp4,FAKE
wociscyyjv.mp4,FAKE
mjykhpgzqh.mp4,FAKE
whuixruojw.mp4,FAKE
clqzgrxrqy.mp4,FAKE
krzqizdgjv.mp4,FAKE
rvzfiizxln.mp4,FAKE
prgbodzhlt.mp4,FAKE
llzdduhmht.mp4,FAKE
tnlcdqywvv.mp4,FAKE
tdhbmxjdow.mp4,FAKE
atijhccfre.mp4,FAKE
ajzpdgtigi.mp4,FAKE
nkvuqlqpkg.mp4,FAKE
zkzayncogi.mp4,FAKE
puxpxchdzm.mp4,FAKE
lmxpvgiemh.mp4,FAKE
yonwpepytq.mp4,FAKE
vqeuhuwzoh.mp4,REAL
zahxipjtzc.mp4,FAKE
aozvkebfza.mp4,FAKE
udjrommryg.mp4,FAKE
pynldfzutf.mp4,FAKE
mdanxmrvxd.mp4,FAKE
iwnioeuyng.mp4,FAKE
nuelozwnxd.mp4,FAKE
qimsyvckje.mp4,REAL
zupuexbntw.mp4,FAKE
wcdmpwfooh.mp4,REAL
bozkbbydju.mp4,FAKE
knvntdiazl.mp4,FAKE
yixmmlipsf.mp4,FAKE
mliebogaye.mp4,FAKE
pfxfhcmtms.mp4,FAKE
xnffzeybqq.mp4,FAKE
ufmuhoaetg.mp4,FAKE
iwgsrvmyqo.mp4,REAL
xecgqkezbe.mp4,FAKE
oohmiwhzze.mp4,FAKE
lyssnzrksj.mp4,FAKE
wjwgfkyjev.mp4,REAL
annaogdkfj.mp4,FAKE
kzbeaeldsm.mp4,FAKE
qckonxvveg.mp4,FAKE
ibgqcgwvku.mp4,FAKE
muehxzehgs.mp4,FAKE
ofpnzadyvx.mp4,FAKE
djvriiujey.mp4,FAKE
roggcjwdjn.mp4,FAKE
qagzbnldcu.mp4,FAKE
edywwjquvz.mp4,FAKE
egidjdstrw.mp4,FAKE
vozmlxqdks.mp4,FAKE
qrmgfosriq.mp4,FAKE
nfmtzetvqd.mp4,FAKE
waofmzjaei.mp4,FAKE
natxstfuem.mp4,FAKE
yxhkvmgijj.mp4,FAKE
pzozhfkofr.mp4,FAKE
kskooyetsh.mp4,FAKE
outmykvudw.mp4,REAL
iqrgwnfkga.mp4,FAKE
wgjiesqhvs.mp4,FAKE
nfautgslrd.mp4,REAL
apdiebssyz.mp4,FAKE
pthnonoxoj.mp4,FAKE
yswdlardcq.mp4,FAKE
uimynipbzt.mp4,FAKE
nnlsyaqkof.mp4,FAKE
ihrydqwojs.mp4,FAKE
tvhotrqmlt.mp4,FAKE
jbbysdmnwr.mp4,FAKE
bjmtxysdjo.mp4,FAKE
unjkwldybt.mp4,FAKE
axtyynoxdk.mp4,FAKE
ghxbpouprn.mp4,FAKE
mlpmxhjcdx.mp4,FAKE
kmtfxfdyoj.mp4,FAKE
jrpccjhcth.mp4,FAKE
oicrevmtjz.mp4,FAKE
ghdjdbxsar.mp4,FAKE
tbwyfvhycw.mp4,FAKE
tlwidysfxg.mp4,FAKE
hwbjpxfjcc.mp4,FAKE
hcvyqdptrg.mp4,FAKE
newgttpezs.mp4,FAKE
ycekvuocgl.mp4,FAKE
upwblpvvca.mp4,FAKE
upstqsvauf.mp4,FAKE
stgusymtgn.mp4,FAKE
yfvfiygnhf.mp4,FAKE
ucveeogevx.mp4,REAL
oarpgfiukt.mp4,FAKE
pedvwzmuqx.mp4,FAKE
xttegbpxdh.mp4,FAKE
krgwthlzns.mp4,FAKE
zltaqovcmc.mp4,FAKE
mlmpqzhehi.mp4,FAKE
oihrffzjpu.mp4,REAL
lpawpmeubv.mp4,FAKE
iprofmwjpa.mp4,FAKE
swwcnysfmk.mp4,FAKE
eyeqnbqamj.mp4,FAKE
iydildurwm.mp4,FAKE
gozguevcji.mp4,FAKE
qsmqdklqgy.mp4,FAKE
mdpxoldnpc.mp4,FAKE
keoycltjdq.mp4,REAL
zmvfdxddja.mp4,FAKE
dzlrdixjgv.mp4,FAKE
hymqlcdqoa.mp4,FAKE
mlxtlkgucw.mp4,FAKE
pbqlycmkbr.mp4,FAKE
qdngiuorvs.mp4,FAKE
xytjzqqmcu.mp4,FAKE
wpfwsiyptg.mp4,FAKE
qekttcqtpm.mp4,FAKE
nndemqhngx.mp4,FAKE
ezipjzeffl.mp4,FAKE
tjhmyeukma.mp4,FAKE
amrncajpkv.mp4,FAKE
fblxrrmshm.mp4,FAKE
bnssiugvik.mp4,FAKE
spxpspfcwr.mp4,FAKE
uvgtzdwnfl.mp4,FAKE
hhmflhhbih.mp4,FAKE
mmndlbvwnz.mp4,FAKE
drvuffopkp.mp4,FAKE
vefoinrpez.mp4,REAL
eqmqbtfnwq.mp4,FAKE
sdquluvcrf.mp4,FAKE
wygtsppbqt.mp4,FAKE
gzjshcnkkg.mp4,FAKE
aeykoomsoa.mp4,REAL
sowvzhlcpe.mp4,FAKE
xzkxbxyijw.mp4,REAL
hxenojahiu.mp4,FAKE
bmvvcdbhpc.mp4,FAKE
ycrnvrhera.mp4,FAKE
aqrejgepnk.mp4,FAKE
gznmonxiom.mp4,FAKE
izarampnzh.mp4,FAKE
yrdpvwjgvz.mp4,FAKE
zczcdldtqi.mp4,REAL
anukjnkojh.mp4,REAL
jisglbrdnb.mp4,FAKE
tvaxisdvio.mp4,REAL
ftvkmjuuhd.mp4,FAKE
ronwdhfyxm.mp4,REAL
wgwtcbcnze.mp4,FAKE
zvqgdjiotu.mp4,REAL
dmiiejxcjt.mp4,FAKE
zjcywrtwif.mp4,FAKE
lhiqsyqjxu.mp4,FAKE
ehlvevmbxz.mp4,FAKE
huowsesgyq.mp4,REAL
cxpcimyhpr.mp4,FAKE
awiomwmrkv.mp4,FAKE
myhecmuutc.mp4,FAKE
eanubsjnbk.mp4,FAKE
fkeccxaeit.mp4,FAKE
npnkwyfkxe.mp4,FAKE
bjxetpxoxg.mp4,FAKE
dovdrtvmbx.mp4,REAL
cwhoxcazbc.mp4,FAKE
ynmkfhspjo.mp4,FAKE
hngdzzjxfo.mp4,FAKE
lnjkffjjop.mp4,FAKE
zplmlkrwqj.mp4,FAKE
njyeutrdhi.mp4,FAKE
gzompgclwa.mp4,REAL
amgdymqkkk.mp4,FAKE
ilyrjpxeri.mp4,FAKE
gykxckcbyp.mp4,FAKE
mdajegmldf.mp4,FAKE
hwgiyjqlmw.mp4,FAKE
psfzgwrher.mp4,REAL
pmeruokgei.mp4,FAKE
ftkxdmaemk.mp4,FAKE
nrtycmqqcg.mp4,REAL
ntsiqfonch.mp4,FAKE
lfbgdlvhme.mp4,REAL
hlemgltaor.mp4,FAKE
eqafrizkve.mp4,FAKE
dflswfhkwq.mp4,FAKE
ecploqnumu.mp4,FAKE
vnzfjmxalx.mp4,FAKE
elipbhkriy.mp4,FAKE
lvecnxplwi.mp4,REAL
qgmxhsifhu.mp4,FAKE
kmlrtuusvc.mp4,FAKE
gbjsdyfmfa.mp4,FAKE
fvjgyvowtw.mp4,FAKE
pkptlhovpd.mp4,FAKE
rvtxzuosjp.mp4,FAKE
zdjtgmnaho.mp4,FAKE
zimdadrfzq.mp4,REAL
nxtstdqkrq.mp4,FAKE
zwfljqaght.mp4,FAKE
bxhksbnvvr.mp4,FAKE
naovblixxe.mp4,REAL
rfaeimbkle.mp4,FAKE
nbpfjkaznf.mp4,FAKE
cdkgkspxwg.mp4,FAKE
thkrpzsgzw.mp4,FAKE
ygzdvjgmon.mp4,FAKE
afbpbhunsi.mp4,FAKE
qttjycrjpk.mp4,REAL
hrykzjlhva.mp4,FAKE
tnrmvcktxz.mp4,FAKE
whapuyfwuo.mp4,FAKE
vifhvtsavf.mp4,FAKE
vwvxaufpht.mp4,REAL
envmivjahd.mp4,FAKE
iwchehjyva.mp4,FAKE
xqpbgowycq.mp4,FAKE
gtbzjhcfry.mp4,REAL
dcnkbfkwzp.mp4,FAKE
fjeapgsnsz.mp4,FAKE
jemtsdjgxq.mp4,FAKE
hfabdideab.mp4,FAKE
blfzhuobde.mp4,FAKE
vderwgzgdx.mp4,FAKE
ctvrdvsvlm.mp4,FAKE
umokkjrdmn.mp4,FAKE
naukvwyegb.mp4,FAKE
hpvahqsfvd.mp4,FAKE
syndbsmgyb.mp4,FAKE
iqehocsylf.mp4,FAKE
ubgwmqxugd.mp4,FAKE
asjxofxzbd.mp4,FAKE
clpanbecvs.mp4,FAKE
yhkdvjweoi.mp4,FAKE
mddmhodfpc.mp4,FAKE
kntguwshwb.mp4,FAKE
rjxpntahbf.mp4,FAKE
rhdxvfeclz.mp4,FAKE
mmafrbslls.mp4,FAKE
ioijmbftxg.mp4,FAKE
vvbwnfebrm.mp4,FAKE
szvwegdmap.mp4,REAL
xyykomgbvi.mp4,FAKE
bvzecoohzv.mp4,FAKE
gsvlvvaliu.mp4,FAKE
whmhqxdawx.mp4,FAKE
iqaylplffo.mp4,FAKE
bearfhicjd.mp4,FAKE
oqltezdtla.mp4,FAKE
jsimfxqjqv.mp4,REAL
ghdfnhqbvc.mp4,FAKE
slrcfsuqxw.mp4,FAKE
zvxaotymzf.mp4,FAKE
ecqjxsqqss.mp4,FAKE
gdrwzhtjlt.mp4,FAKE
zypznqwlhg.mp4,FAKE
oorffeudfg.mp4,FAKE
jxbxknupll.mp4,FAKE
stkygawqaf.mp4,FAKE
lwoohpengk.mp4,REAL
zfvejxjwat.mp4,FAKE
qgfusfbufk.mp4,FAKE
sbjjhcgfuz.mp4,FAKE
ywwjjfkycm.mp4,FAKE
qzrqqhfrgz.mp4,REAL
ccgbfmogzq.mp4,FAKE
mesyfmgozo.mp4,FAKE
lohdqjvxea.mp4,REAL
stlqpfqbcw.mp4,FAKE
mdqggpofpr.mp4,FAKE
dgqrwzakcu.mp4,FAKE
mnhqpsbvuu.mp4,FAKE
tsdhmlgsfw.mp4,FAKE
sdndjbuuns.mp4,FAKE
khiszbboum.mp4,FAKE
ryhglxejac.mp4,REAL
ltrzwdqqhk.mp4,FAKE
gktacrffcf.mp4,FAKE
pejtahlmir.mp4,REAL
unnbemtkve.mp4,FAKE
owybjhupqb.mp4,FAKE
sntkppjpgm.mp4,FAKE
fgpcrccxqp.mp4,FAKE
qrncyiybxg.mp4,FAKE
ijjxdsdkad.mp4,FAKE
jcdkghupzo.mp4,FAKE
ldirrcafbx.mp4,FAKE
kppbdlqiux.mp4,FAKE
gxixmivsuh.mp4,FAKE
bxcorukbgi.mp4,FAKE
bzyznixpio.mp4,REAL
malanowrhk.mp4,FAKE
kkfueigtop.mp4,FAKE
kqtiirclbd.mp4,FAKE
rrllurfvig.mp4,FAKE
vuurxsxpky.mp4,FAKE
qknomlsfbq.mp4,FAKE
vqywmxftdc.mp4,FAKE
muohzusixr.mp4,FAKE
gossjayscb.mp4,FAKE
ismsbuctwg.mp4,FAKE
hpskrtuawv.mp4,REAL
kstwqhttcr.mp4,FAKE
ydgwtxaand.mp4,FAKE
jzllaqyqkd.mp4,FAKE
zmhlsdtyyg.mp4,FAKE
zfrwxjhifa.mp4,FAKE
bbcghjqixf.mp4,FAKE
ymtldlhboa.mp4,REAL
wvfcqexlox.mp4,FAKE
ifrbyuodmk.mp4,FAKE
gxeumhwsux.mp4,FAKE
sgqruiabdi.mp4,REAL
vqhpgdkvzv.mp4,REAL
pkdhnsrrwz.mp4,REAL
saqgabsqef.mp4,FAKE
dvaorftkeq.mp4,FAKE
nnikfxjakt.mp4,FAKE
wlwhdybxah.mp4,FAKE
khfzmflsqp.mp4,FAKE
dzbgolojvf.mp4,REAL
kfxbhftgld.mp4,REAL
bwkmelwrit.mp4,FAKE
aphbjcscfn.mp4,REAL
qztsnbrcsm.mp4,FAKE
dwevzywdea.mp4,FAKE
zrbgqooosc.mp4,FAKE
gotowctiri.mp4,FAKE
pcelrizujy.mp4,FAKE
wrgqxahnwh.mp4,FAKE
iiotbjmkwm.mp4,FAKE
jmdjmbkcyx.mp4,FAKE
lmdwpdiumn.mp4,FAKE
plczaniyed.mp4,FAKE
oiozdaqzps.mp4,FAKE
cgblwwmgbt.mp4,FAKE
qdkdmwybuk.mp4,FAKE
aepuluzrdy.mp4,REAL
pnnvhrfrnp.mp4,FAKE
ngfprnzwwn.mp4,FAKE
ibcmlunspy.mp4,REAL
lylmnzidni.mp4,FAKE
klihnmenag.mp4,FAKE
tpmmmtdoty.mp4,FAKE
ycbekhneij.mp4,FAKE
hdfrdajxrx.mp4,FAKE
zbfnyiowbv.mp4,REAL
iqjrxdzowd.mp4,FAKE
ypqsxalhkw.mp4,FAKE
pqozaytpmi.mp4,FAKE
ioxuwhhvge.mp4,REAL
pdoifsuglx.mp4,FAKE
vlmblrjort.mp4,FAKE
qtdhmczvvt.mp4,FAKE
ghfxstqdcg.mp4,FAKE
opgjsfygbe.mp4,FAKE
baxhgxfwcm.mp4,FAKE
giukznfuwl.mp4,FAKE
lsqvfhilcy.mp4,FAKE
qgmttqlpea.mp4,FAKE
ftkqtvfvvq.mp4,FAKE
ssyochxeeq.mp4,FAKE
mosdjjbbgj.mp4,FAKE
kqgeuoiiyo.mp4,REAL
veepybdxwi.mp4,FAKE
ptyexioocn.mp4,FAKE
zcmezmfvvx.mp4,REAL
htskueymzg.mp4,FAKE
fvmhipsebc.mp4,REAL
yrtwtsrotm.mp4,FAKE
mahyxsgjch.mp4,FAKE
wdvzlubzlr.mp4,FAKE
fawmsvelfp.mp4,FAKE
hykuyowagg.mp4,FAKE
tkaxufvjgw.mp4,FAKE
oytoyafuml.mp4,FAKE
nwzxxhzsnp.mp4,FAKE
mgooxpdsgo.mp4,FAKE
wwuodnejun.mp4,FAKE
dgagpzefwb.mp4,FAKE
umfquxkalu.mp4,FAKE
zxcheanzdn.mp4,FAKE
tfylliakig.mp4,REAL
jyritfmuzo.mp4,FAKE
lbfumjhose.mp4,REAL
gbnorhivne.mp4,FAKE
bmlovaheks.mp4,FAKE
visadvjvru.mp4,FAKE
jovqqmdngq.mp4,FAKE
ohpqptkahi.mp4,REAL
andcosjluf.mp4,FAKE
lgtxdxnmdd.mp4,FAKE
csximsmssp.mp4,FAKE
lxaffoifga.mp4,FAKE
zzhtveafea.mp4,FAKE
oriiwwgrck.mp4,FAKE
zacgcrjdnw.mp4,FAKE
sejttfsefa.mp4,REAL
ojyxspwzhq.mp4,FAKE
mwbjozxran.mp4,FAKE
xhhkfqmuzx.mp4,REAL
twdduhlgnu.mp4,FAKE
qtgxgrytqy.mp4,FAKE
ncpvftqsxg.mp4,FAKE
kcaxtdqgxe.mp4,REAL
koeuoinpwo.mp4,FAKE
jgqxfqflft.mp4,FAKE
ruhdqdevfr.mp4,FAKE
gqonjnqkqs.mp4,REAL
idrbsowlyz.mp4,FAKE
jtcibopcdr.mp4,FAKE
sskiuzcenz.mp4,REAL
bjlxerjzbl.mp4,FAKE
apbshbhgvi.mp4,FAKE
wtdpjzybmb.mp4,FAKE
suzambwnee.mp4,REAL
ywpzfjnbjm.mp4,FAKE
ktplrsqjgb.mp4,REAL
vuzththpuc.mp4,FAKE
qjwrnebksa.mp4,REAL
qyxqqkawro.mp4,FAKE
frzhkrdtqe.mp4,FAKE
wewvgopijp.mp4,REAL
koprpzskyb.mp4,FAKE
tyobejnzyu.mp4,REAL
ucjsidtzve.mp4,FAKE
kyfyndhsvm.mp4,FAKE
qbbrkxhoio.mp4,FAKE
zmlgooxogx.mp4,FAKE
nttkjjshnb.mp4,FAKE
ybekxpqfdw.mp4,FAKE
lxblqcxvee.mp4,FAKE
wynctqwpjm.mp4,FAKE
nigwzriyci.mp4,REAL
ejtnfisxja.mp4,FAKE
syimlucprj.mp4,FAKE
icxgcdnugn.mp4,FAKE
vjvlrpyaev.mp4,FAKE
xulikllhro.mp4,FAKE
phkpguovju.mp4,REAL
ejvcakuclp.mp4,REAL
besbeekiaz.mp4,FAKE
grbtvvjvhz.mp4,REAL
ndyrkulusj.mp4,FAKE
fzwqilbejm.mp4,FAKE
ljvrfvssno.mp4,FAKE
tizltishhf.mp4,FAKE
mfhqonawni.mp4,REAL
vhitpoxhpm.mp4,REAL
dlkifxjpem.mp4,FAKE
owsmzuoghm.mp4,FAKE
higdmcpfpw.mp4,FAKE
gkbbduugeh.mp4,FAKE
iwrgyqlark.mp4,FAKE
rrdvubejml.mp4,FAKE
jgtimrprjo.mp4,FAKE
ukxvriimlq.mp4,FAKE
emovqdktou.mp4,FAKE
gslactuklm.mp4,FAKE
chyravncdv.mp4,FAKE
yjkoshemqd.mp4,FAKE
kfffndzywe.mp4,FAKE
kjyapeagbg.mp4,REAL
rqdvuqnlnc.mp4,FAKE
kiwauyqykt.mp4,FAKE
ugnikyemsb.mp4,FAKE
kdnopngcya.mp4,FAKE
zprvttgzvz.mp4,FAKE
vladvnyeiv.mp4,FAKE
jotgmumnig.mp4,FAKE
viajonjcyn.mp4,FAKE
qyqebzlkro.mp4,FAKE
jwvrsanehy.mp4,FAKE
csqxvlpvcs.mp4,FAKE
jszyfkcsvb.mp4,FAKE
njatznypkg.mp4,FAKE
kfviyuzifl.mp4,FAKE
zburbzqvqn.mp4,FAKE
cfuhpgulbg.mp4,FAKE
szjxiaikvr.mp4,FAKE
fauqvwjfbq.mp4,FAKE
xgxvkedjhr.mp4,FAKE
sbdevixeul.mp4,REAL
qbpeldzoli.mp4,FAKE
gchahtbjqd.mp4,FAKE
ezwgqwfpyb.mp4,FAKE
bqpmahicpp.mp4,FAKE
vzawackcod.mp4,REAL
oldicbeuaa.mp4,FAKE
apfxpspodv.mp4,FAKE
znevocgbpw.mp4,FAKE
awihhtzuen.mp4,REAL
uadynooxit.mp4,FAKE
zesnphumru.mp4,REAL
vuxpkpkkeq.mp4,FAKE
mjekrjsysi.mp4,FAKE
xerxxjxnrl.mp4,FAKE
djmwdamqbh.mp4,FAKE
gvrndkdbwg.mp4,FAKE
apvzeefhog.mp4,FAKE
cnvskvokjr.mp4,FAKE
rlqfqgaoxx.mp4,REAL
tkqxzmhdfe.mp4,FAKE
uxojgudkci.mp4,FAKE
qfhbqqmmls.mp4,FAKE
zaadqtlqqi.mp4,FAKE
dvqrlxuuve.mp4,FAKE
jzvphhwlqf.mp4,FAKE
enbftbywkk.mp4,FAKE
hvdamhdnvs.mp4,FAKE
eubpfonvdx.mp4,FAKE
iwtvtdrpxj.mp4,FAKE
pjnnsbryzg.mp4,FAKE
wxkgwtkvfl.mp4,FAKE
uqerusmaka.mp4,REAL
lvldvonmbg.mp4,REAL
yswtkelyfc.mp4,FAKE
dlaibvrubs.mp4,FAKE
naforhmjjz.mp4,FAKE
rwarkxrhfb.mp4,FAKE
evpzeohkrq.mp4,FAKE
mowmwjzsgk.mp4,FAKE
rivbpgbqcm.mp4,REAL
xtgzbxmvvq.mp4,FAKE
iidsldpnqe.mp4,FAKE
mjqtuozaey.mp4,REAL
uuopbqklch.mp4,REAL
lnlrgrchoc.mp4,FAKE
hmurwmhvsz.mp4,REAL
gfmcshmvmw.mp4,FAKE
ymbritrbfg.mp4,FAKE
clotbjjrhl.mp4,FAKE
hhzrcenmhf.mp4,FAKE
nwyuppqbin.mp4,FAKE
nqnriuihjr.mp4,FAKE
ilroifbpoq.mp4,FAKE
yoeetkfxec.mp4,REAL
vzillcqktk.mp4,FAKE
riuwqjyedm.mp4,REAL
kzwannudqe.mp4,FAKE
paozbgimbc.mp4,FAKE
ugnhpkmprl.mp4,FAKE
xhynmxmfwq.mp4,FAKE
tocvvjfjzz.mp4,REAL
ynpaetoemt.mp4,FAKE
ypvxmggbtj.mp4,FAKE
pcwucommhq.mp4,FAKE
alrmawyknb.mp4,FAKE
bsnrcykrki.mp4,REAL
proelltjgn.mp4,FAKE
zkamlyqzao.mp4,REAL
dqsrsoxcck.mp4,FAKE
hybjzdrttb.mp4,FAKE
jlwazimcui.mp4,REAL
jjptkvyxhv.mp4,REAL
cwonpsyuuz.mp4,FAKE
ktzqqczwlu.mp4,FAKE
iwpziyiqpw.mp4,FAKE
qxtucskxes.mp4,FAKE
mxbgogvssp.mp4,REAL
acrmwhpkcd.mp4,REAL
ahytipibgx.mp4,FAKE
wqqpdjiela.mp4,FAKE
musfgemnqi.mp4,FAKE
lzzlgtbvmx.mp4,FAKE
fubgtlfeeu.mp4,FAKE
yzlzwtbzkp.mp4,FAKE
fampmuboxd.mp4,FAKE
ltdgjzgdds.mp4,FAKE
qtqqmbjlbv.mp4,FAKE
yesfrhdayo.mp4,FAKE
etdxfawnai.mp4,FAKE
veecjbgkph.mp4,REAL
quwvyztlrg.mp4,FAKE
nwntwdnqch.mp4,FAKE
lygqsjkbne.mp4,FAKE
mkeeqnipgc.mp4,FAKE
rumsbihkul.mp4,FAKE
dbwdpplwxu.mp4,FAKE
kujqyoyrtv.mp4,FAKE
uvykwkdbbe.mp4,FAKE
hkoxvelxxh.mp4,REAL
ddbpfxzqrl.mp4,FAKE
nvkalwiywu.mp4,REAL
zkibdudrtn.mp4,FAKE
pkulawhjci.mp4,REAL
vjekyrqcdq.mp4,REAL
wjfjgybigt.mp4,REAL
kfkpofaxrh.mp4,FAKE
hngultovqd.mp4,FAKE
ulvzpojvys.mp4,REAL
flxuyzbglj.mp4,FAKE
bcvvewtfhx.mp4,FAKE
jkzbfceoyo.mp4,FAKE
ptjgutvhoc.mp4,FAKE
yfkmhjjrig.mp4,FAKE
cotdljjfei.mp4,FAKE
zrrrosmpxo.mp4,FAKE
iucytcqxfu.mp4,FAKE
trelkpvmtn.mp4,FAKE
tzqhgawmxh.mp4,FAKE
jadmgxjhgb.mp4,FAKE
gcwuhlegud.mp4,REAL
kwhbmxqpyd.mp4,FAKE
oubtibjzfh.mp4,FAKE
bwgfsespvf.mp4,FAKE
lhylfsahql.mp4,FAKE
gkpkktrzjb.mp4,FAKE
jcyyimwkus.mp4,FAKE
nhdirtckat.mp4,REAL
vqkkrgizdh.mp4,FAKE
knqlqtkusl.mp4,FAKE
gsrvfdzmsq.mp4,REAL
bgmzzxkwdz.mp4,REAL
qgsvrioyox.mp4,FAKE
wjjtbxrqia.mp4,FAKE
ccnbdqeetl.mp4,FAKE
muwmwpyqfs.mp4,FAKE
oyxcukjayh.mp4,FAKE
wpravjxgka.mp4,FAKE
nvohlmnuwx.mp4,REAL
zvrtpnrvth.mp4,FAKE
odnrxtcxjj.mp4,FAKE
rstxllpnab.mp4,FAKE
zawjnzhotz.mp4,FAKE
fnzozvyxsq.mp4,REAL
lkpylgwtye.mp4,FAKE
ebwgzmehdo.mp4,FAKE
srymsyxwjv.mp4,FAKE
xfjrcseeno.mp4,FAKE
iylnbnwfhc.mp4,FAKE
knsvzouvxr.mp4,FAKE
cikxqgxbuw.mp4,FAKE
kxqiwtdmbb.mp4,FAKE
pcmmslxfri.mp4,FAKE
ltheclxveb.mp4,FAKE
dcxrxffknw.mp4,FAKE
pqjmokcmcp.mp4,FAKE
fitkdqesny.mp4,FAKE
eygocervrz.mp4,FAKE
xtdwmoyzvc.mp4,FAKE
agjbahosfa.mp4,FAKE
ojoulkkydk.mp4,FAKE
fmxkeawabv.mp4,FAKE
qehxxibphk.mp4,FAKE
inpiiokedd.mp4,REAL
apdfykbltf.mp4,FAKE
eigybmsmoj.mp4,FAKE
muhfarktvd.mp4,FAKE
jthxoyeoij.mp4,FAKE
eyixkzppxc.mp4,FAKE
zityyrzshj.mp4,FAKE
lfasojwagr.mp4,FAKE
jzphdhaqnd.mp4,FAKE
fhefrzdhpj.mp4,FAKE
blfdwlumfv.mp4,FAKE
xnjklxduwc.mp4,FAKE
jxkvukbxlw.mp4,FAKE
kmctqrbklq.mp4,FAKE
bjyrgzmssb.mp4,FAKE
chinjpmavc.mp4,FAKE
fkiejjiydk.mp4,FAKE
bqhmyqnhev.mp4,FAKE
svsaaqsqse.mp4,FAKE
gortorhgtt.mp4,REAL
qyqktxkytc.mp4,FAKE
olmufavhbl.mp4,FAKE
smjvboszkd.mp4,FAKE
rzstglqnxy.mp4,FAKE
phihlosgyu.mp4,REAL
wrchxdcjdl.mp4,FAKE
kxzyciuuqa.mp4,REAL
sahwptqelr.mp4,FAKE
cskhcvqucf.mp4,FAKE
yraqiushkq.mp4,FAKE
rituczdgub.mp4,FAKE
qzwjnswhke.mp4,FAKE
xvhfwanjnb.mp4,FAKE
ryjtfrypkh.mp4,REAL
nxelkxqlvi.mp4,FAKE
pggklhbzzr.mp4,FAKE
dioryfhfnn.mp4,FAKE
eaozkblmif.mp4,FAKE
ibyqlgyljn.mp4,FAKE
sazffkfruu.mp4,FAKE
eojlafatzp.mp4,FAKE
etonldfohq.mp4,FAKE
ewrrpxobje.mp4,FAKE
nrsqnrcidv.mp4,FAKE
wcesrrufye.mp4,FAKE
gjlwmegnzg.mp4,FAKE
cmnpzanmsd.mp4,FAKE
pwwtbzbbiz.mp4,FAKE
lselyybgcj.mp4,FAKE
cbytidzegv.mp4,FAKE
tbfqkkpdxd.mp4,FAKE
ahiinegyte.mp4,FAKE
kmldmopdca.mp4,FAKE
ihauvmnevo.mp4,REAL
oeuufzbozk.mp4,FAKE
cdyyocuphu.mp4,FAKE
xszeyiyutv.mp4,FAKE
amdtcpqcjf.mp4,FAKE
trwgttshhr.mp4,FAKE
eaqxklixlu.mp4,REAL
lfqwuoukyb.mp4,REAL
gfgbzngutc.mp4,FAKE
phpdlrumno.mp4,FAKE
avvmvlzkug.mp4,FAKE
qtbknmllwv.mp4,REAL
iolnrlkuou.mp4,FAKE
tatfoivceq.mp4,FAKE
snhnuwzwms.mp4,FAKE
phwixzebet.mp4,FAKE
aepnnpkscx.mp4,FAKE
zbpnxmkidl.mp4,FAKE
lggaanrbpk.mp4,REAL
dmzllitzih.mp4,FAKE
uctgggbrii.mp4,FAKE
wamxhetipp.mp4,FAKE
wbcbyijcpj.mp4,FAKE
okkrkoatis.mp4,FAKE
cixdftcnrs.mp4,REAL
yedujuvwdn.mp4,FAKE
nyinbuetik.mp4,FAKE
lhwwupeezi.mp4,REAL
ttcycqpkwf.mp4,FAKE
ygmyjlrjpe.mp4,FAKE
qcmhohwoni.mp4,FAKE
gvnebnzirc.mp4,FAKE
xcyuozheti.mp4,FAKE
yfxsxyakan.mp4,FAKE
qtslctfoog.mp4,FAKE
lshioelzvz.mp4,FAKE
lbnurmcuxs.mp4,REAL
ukkftinlcw.mp4,FAKE
ibyxrzafun.mp4,FAKE
nazfnkguwf.mp4,FAKE
epwvvqsutn.mp4,REAL
nawnihsbgc.mp4,FAKE
sirruhazin.mp4,FAKE
ehdikivxij.mp4,FAKE
ugvnbpkqie.mp4,FAKE
txxydiyety.mp4,FAKE
vsuunmdexy.mp4,FAKE
mpkkjoismj.mp4,FAKE
dmewkotpkc.mp4,FAKE
rzcxmxpdiu.mp4,REAL
mhnbzzaodo.mp4,FAKE
warmpnnigh.mp4,FAKE
shdobyqvjk.mp4,FAKE
gfimfnbobc.mp4,FAKE
rzgfmamzjo.mp4,FAKE
gwfgzoxmox.mp4,FAKE
topwurqcsy.mp4,FAKE
fitrowlltn.mp4,FAKE
egzkwyqirh.mp4,REAL
ekujbtlave.mp4,FAKE
yoczycbudz.mp4,FAKE
dejvqycmoj.mp4,FAKE
aveybbfgtb.mp4,FAKE
hxptodkldl.mp4,FAKE
whnbgzejdu.mp4,FAKE
eliskmcgkh.mp4,FAKE
qvutgirvlk.mp4,FAKE
mjkbdkheto.mp4,FAKE
qhlovacjcq.mp4,FAKE
qxcfawhaex.mp4,FAKE
hubtebvzdp.mp4,FAKE
dkzinomdzy.mp4,FAKE
usdspcjqmu.mp4,REAL
gdyuqzmlpu.mp4,FAKE
emiowrbnqn.mp4,FAKE
hntlvltpwo.mp4,FAKE
hjsxwgarvq.mp4,FAKE
oxgakbtlrk.mp4,FAKE
irwzuzlkkv.mp4,FAKE
gszkkhehvi.mp4,FAKE
jhpuqavmpf.mp4,FAKE
ttabixavia.mp4,FAKE
vyhqgmexxh.mp4,FAKE
yjbnfyuuli.mp4,FAKE
tyfsqzssvt.mp4,FAKE
evjwbpbubo.mp4,FAKE
hanxfngtel.mp4,FAKE
kqrolcboab.mp4,FAKE
xewtnmgpuh.mp4,FAKE
ztvzgkzdga.mp4,FAKE
uiyibmrads.mp4,FAKE
gzxcjotndi.mp4,FAKE
ckkkrkbowi.mp4,FAKE
ycscgknizb.mp4,FAKE
jhcynxkhku.mp4,FAKE
lhwpsnzmah.mp4,REAL
sugnrpmemc.mp4,FAKE
xdbqqxsrnz.mp4,FAKE
cjgnahdeaq.mp4,FAKE
govqfsszza.mp4,FAKE
cpiztwrcqk.mp4,REAL
nwojxekzah.mp4,FAKE
lkuwbmzpwr.mp4,FAKE
htwegmqgqo.mp4,FAKE
yeqopewmwr.mp4,FAKE
rxietabpsm.mp4,FAKE
pjivtmbgel.mp4,FAKE
omxcghyend.mp4,FAKE
jegdxhxnfe.mp4,FAKE
xqugrvqbgm.mp4,FAKE
lkcekqvbwl.mp4,FAKE
dyfyicyqoc.mp4,FAKE
inusdrqzhz.mp4,FAKE
eevqzfycse.mp4,FAKE
ouuaekvzls.mp4,FAKE
svekmurpps.mp4,FAKE
uyeiheygxk.mp4,REAL
ccdaqfjqft.mp4,REAL
vxiptsrljx.mp4,FAKE
jhyrglgwqj.mp4,REAL
voztvddhnf.mp4,FAKE
ploqanhaow.mp4,FAKE
sqcjocxvqu.mp4,FAKE
pgwpcyslaa.mp4,FAKE
dftlgtbhag.mp4,FAKE
jrrwdwqjdg.mp4,REAL
vpunbhspjv.mp4,FAKE
oykcgkszaa.mp4,FAKE
qasptbtcyf.mp4,FAKE
iahkeegnay.mp4,REAL
oztagfurmn.mp4,FAKE
izswtrtsma.mp4,FAKE
ndvtxyhtmn.mp4,REAL
ycbdophsmv.mp4,FAKE
zlbaumprys.mp4,FAKE
svqvrsyuah.mp4,FAKE
nyhvhszbuw.mp4,REAL
yjvvoxcmue.mp4,FAKE
mwrvjfceye.mp4,FAKE
nkmpgflizt.mp4,FAKE
aernxhvxss.mp4,FAKE
uxkupaupvl.mp4,FAKE
layowoihdg.mp4,FAKE
quyqeotcqm.mp4,FAKE
qalidvxrjo.mp4,REAL
xmlrmnyygp.mp4,FAKE
drrfzphjid.mp4,FAKE
ioeiuvnnea.mp4,FAKE
twfgybpbfc.mp4,FAKE
ubpeywbkpb.mp4,FAKE
dfikcuaudf.mp4,FAKE
xqbqzsyhgo.mp4,FAKE
sitztlcfkx.mp4,REAL
gmtgqwumjb.mp4,FAKE
vtjlnsuflu.mp4,FAKE
yzusjwgyav.mp4,REAL
vzmvymcuud.mp4,FAKE
yhqrbiffba.mp4,FAKE
pjakuvwipq.mp4,FAKE
kkzeqaxrpt.mp4,REAL
uxicyysovl.mp4,FAKE
ciiysyltft.mp4,FAKE
gykodvavds.mp4,FAKE
jgoaylwwcn.mp4,FAKE
kcilnbsztf.mp4,FAKE
lhtbgiucxu.mp4,FAKE
pkylobdssc.mp4,FAKE
dmyyvzpjjg.mp4,FAKE
cvpiuunjwy.mp4,FAKE
glbiuhsrpz.mp4,FAKE
xlgrbsgelf.mp4,FAKE
anjlmqmuaj.mp4,FAKE
wduqzhjsaq.mp4,FAKE
azbokmbobc.mp4,FAKE
mvmxyomsne.mp4,FAKE
kcuzwukqsg.mp4,FAKE
wrlrzhlybr.mp4,FAKE
gllocjtngh.mp4,FAKE
edzpqqevtb.mp4,FAKE
pcozzgnflr.mp4,FAKE
gpamavvtlc.mp4,FAKE
mkztxvglnl.mp4,FAKE
vdlaicgfze.mp4,FAKE
yeaozghrhd.mp4,FAKE
ehqdmysloe.mp4,FAKE
hfdpfdymne.mp4,FAKE
fywirfhzkd.mp4,FAKE
nfbazsgnzb.mp4,FAKE
jjxwsknwdx.mp4,REAL
nqxqpvjykl.mp4,FAKE
aaunepkrsm.mp4,FAKE
fsapcdzxcq.mp4,FAKE
pkcfjjrjjv.mp4,FAKE
ddhijrstzr.mp4,REAL
uiczdxmxmf.mp4,FAKE
efvivrzkxk.mp4,FAKE
sigxwqulio.mp4,FAKE
qiflakrrwc.mp4,FAKE
bhuxqlizqw.mp4,FAKE
rcsbscjmfs.mp4,FAKE
xiwjzapdmt.mp4,FAKE
ikkukkqnoe.mp4,FAKE
fmguyggvxv.mp4,FAKE
gujtefpala.mp4,FAKE
tklnuprbdx.mp4,FAKE
dbglpvkptp.mp4,FAKE
hgrflzdqwx.mp4,FAKE
nhjcpgoadi.mp4,REAL
qgukpdasjp.mp4,FAKE
uowafcidmo.mp4,FAKE
rpidhujqgu.mp4,FAKE
kwqdmpmiok.mp4,REAL
uscaynzueb.mp4,FAKE
byupnsucvu.mp4,FAKE
aufphhubty.mp4,FAKE
iknjxxdlqm.mp4,FAKE
hkcurgetvc.mp4,FAKE
yddonqydvb.mp4,FAKE
zrvnffustq.mp4,REAL
twauymbvit.mp4,FAKE
cefwujawid.mp4,REAL
tfkxcxtexu.mp4,FAKE
vhmjeqagkc.mp4,REAL
ffhiapqvzp.mp4,FAKE
pyzhngmdxg.mp4,FAKE
cktffqfrwn.mp4,FAKE
tybzfcbqqf.mp4,FAKE
brieynzztz.mp4,FAKE
zrvcibngmo.mp4,FAKE
xctveobpyi.mp4,FAKE
iqyenueqqd.mp4,FAKE
ylkwdyryjz.mp4,FAKE
tbgllketip.mp4,REAL
yfkifnthut.mp4,REAL
joumiubwat.mp4,FAKE
lbwtduqqth.mp4,FAKE
pwseejrfof.mp4,FAKE
fsddurduvd.mp4,FAKE
hftzcfchvo.mp4,FAKE
zyzwkaiuxg.mp4,FAKE
jecucaanpp.mp4,FAKE
fpigjwxsjw.mp4,FAKE
guxwanumvz.mp4,FAKE
nfgfjxunyp.mp4,FAKE
ynpugkhxgo.mp4,FAKE
wyasimswwe.mp4,FAKE
viairejnyw.mp4,FAKE
gvxevjcnud.mp4,FAKE
pdwlwtneaz.mp4,FAKE
fruavxnszz.mp4,FAKE
cwuukeotgn.mp4,FAKE
asjzklsxgb.mp4,FAKE
wcgdutgbfz.mp4,FAKE
bbcqhccwzk.mp4,FAKE
bfpgosmnqv.mp4,FAKE
jdeekjdfxh.mp4,FAKE
bhguavqyfj.mp4,REAL
skywvrgxir.mp4,FAKE
lhxshnawpw.mp4,REAL
anvdxkymap.mp4,FAKE
zkadsbaxmz.mp4,REAL
wyyceiwsmg.mp4,FAKE
lcyfeiefju.mp4,REAL
zopjjkyezc.mp4,FAKE
vlosmhxkgw.mp4,FAKE
nylwgsofis.mp4,FAKE
noirumgwxx.mp4,FAKE
gxzzpoqvsh.mp4,FAKE
cfpmhnphqc.mp4,FAKE
nwznzsmegd.mp4,FAKE
yxrcbchseg.mp4,FAKE
ntmrwnzvzt.mp4,REAL
edzsttaqss.mp4,FAKE
ghphekvkbz.mp4,FAKE
zbioyomfwo.mp4,FAKE
vinvomtdwr.mp4,FAKE
qhwtdwdvko.mp4,FAKE
kbpqlezqeh.mp4,FAKE
cidwtqwsph.mp4,FAKE
ywiwjfbfuv.mp4,FAKE
plximzjlup.mp4,FAKE
bxvgrfojxm.mp4,FAKE
ispgaapbpn.mp4,REAL
shrovhivlg.mp4,FAKE
yxbfjeoniv.mp4,FAKE
raozerusmg.mp4,REAL
mkywshyyed.mp4,FAKE
iaejfprwxv.mp4,REAL
pjyufyptom.mp4,FAKE
pzbksnozia.mp4,FAKE
uoqaspmtib.mp4,FAKE
jjmamjucww.mp4,FAKE
cdklueukql.mp4,FAKE
wdgtjdnkro.mp4,FAKE
yrxqztbajr.mp4,FAKE
nwmqxljeuf.mp4,FAKE
vrlqdxnayj.mp4,FAKE
vvdngbqkjt.mp4,REAL
fgrbojptfu.mp4,FAKE
nmqnkwxwhi.mp4,REAL
wpoycoqumb.mp4,FAKE
csrabfvevi.mp4,FAKE
gblwufwnbn.mp4,FAKE
jhwlpyoxnk.mp4,FAKE
ndmnuoibfz.mp4,FAKE
vlccyfrzkr.mp4,FAKE
slunrufbzp.mp4,FAKE
ddsnbavtfo.mp4,FAKE
vdqjzcsjxy.mp4,FAKE
znkonfcobf.mp4,FAKE
zgwbjjcozp.mp4,FAKE
tvphzptlia.mp4,FAKE
qlkkdzwwmk.mp4,FAKE
ejeccsomxe.mp4,FAKE
efcexvmafw.mp4,FAKE
tbrrmhkbof.mp4,FAKE
rgvoihexjm.mp4,FAKE
grkwnbzlcm.mp4,FAKE
yzbhbxlvlz.mp4,FAKE
rxrtxejcpg.mp4,FAKE
ukuajnxcgv.mp4,REAL
setjkedlki.mp4,FAKE
zfsjxtmgxc.mp4,REAL
rcznfldjuy.mp4,FAKE
jvdypckvki.mp4,FAKE
ebritkxdkz.mp4,FAKE
wilkbkdlzn.mp4,FAKE
autisbexzb.mp4,FAKE
ljscwdnlyk.mp4,FAKE
xwhxqkqezg.mp4,FAKE
vnnondfndh.mp4,REAL
xslfvjzdru.mp4,FAKE
dvwqhuqevo.mp4,FAKE
pobxpwxqex.mp4,FAKE
muuuxszgfl.mp4,FAKE
mczysusjvd.mp4,FAKE
ssvxlljvij.mp4,FAKE
izrukhmjfx.mp4,FAKE
uixdqqiyiz.mp4,FAKE
wkgdylwhiz.mp4,FAKE
stvvxdlfhv.mp4,FAKE
ooprzmpooz.mp4,FAKE
caatzjujmz.mp4,FAKE
ofwmrrtncx.mp4,FAKE
jliekxdrtd.mp4,FAKE
vhlswgbsan.mp4,FAKE
ryzkdrcvic.mp4,FAKE
vywscpqxym.mp4,FAKE
fjgxnqduai.mp4,FAKE
hgoryqulng.mp4,FAKE
cowcehymay.mp4,FAKE
fbbeavdmkg.mp4,FAKE
ixayucyyzl.mp4,FAKE
fixdxyvzkx.mp4,FAKE
agtwxptvyu.mp4,FAKE
hoxdbhxpqf.mp4,FAKE
ptywykisek.mp4,FAKE
ytrqamfjzr.mp4,FAKE
isuohdwdzx.mp4,REAL
zwuhapgzfz.mp4,FAKE
zsgguihyqd.mp4,FAKE
jvyzfqklxl.mp4,FAKE
aegzgdzwhx.mp4,FAKE
csbzqhunqw.mp4,REAL
apgogdhmzd.mp4,REAL
hyplsbyobm.mp4,FAKE
iolggovffj.mp4,FAKE
ssdhtytbih.mp4,FAKE
ackdbivzat.mp4,FAKE
lbpfomllae.mp4,FAKE
apmfozguat.mp4,FAKE
mrhmyxbiuf.mp4,FAKE
swnluxjpzu.mp4,FAKE
zcmlopdhhe.mp4,FAKE
jalnhtrofg.mp4,FAKE
oxzmxkitwc.mp4,FAKE
ifezphpbcj.mp4,FAKE
mcrhgksove.mp4,REAL
ciwrhnigzx.mp4,FAKE
konsyybrks.mp4,FAKE
oruyccyata.mp4,FAKE
sehpizscgh.mp4,FAKE
faminorqkh.mp4,FAKE
aamrbolklk.mp4,FAKE
dlpirjuvwi.mp4,FAKE
syynclvesz.mp4,FAKE
ixubfnlkns.mp4,FAKE
ovbewwyuvb.mp4,FAKE
xmsosoltkv.mp4,FAKE
ppssbxijvn.mp4,FAKE
fxxuoebumn.mp4,FAKE
elsmxhryaf.mp4,FAKE
iahorleaqb.mp4,FAKE
drvvsxnxke.mp4,FAKE
fiqgkrpvyr.mp4,FAKE
oyfqgggjix.mp4,FAKE
gvmdxsphgr.mp4,FAKE
tkitigvnyx.mp4,FAKE
xkurtfxgtp.mp4,FAKE
rwndzuwddb.mp4,REAL
vogfhcbroq.mp4,FAKE
gvoysenthe.mp4,FAKE
yfijbmucjz.mp4,FAKE
twfcluqtri.mp4,FAKE
zurjedcmdx.mp4,REAL
wetquclipj.mp4,FAKE
voradwdsxz.mp4,FAKE
fxrnjgfxyf.mp4,FAKE
txmswkzxhz.mp4,FAKE
rkcywmtvrm.mp4,FAKE
cqezovtiya.mp4,FAKE
msvwjzxxfe.mp4,FAKE
nmeaureick.mp4,FAKE
brinacubmg.mp4,REAL
ielonfxgew.mp4,REAL
culbrdouta.mp4,FAKE
rcrrfirmsc.mp4,FAKE
mtwwampvvq.mp4,REAL
dudihuykfb.mp4,FAKE
vrmsbupuix.mp4,REAL
mxfpxlivec.mp4,REAL
ddfuttyflp.mp4,FAKE
rrwtiskubb.mp4,FAKE
hbuhgubbss.mp4,FAKE
dhqahhxvvs.mp4,REAL
dkzeuuyydv.mp4,FAKE
tilvrghvxx.mp4,FAKE
nplvbcaujj.mp4,FAKE
vkyfqyimeo.mp4,FAKE
tviimcqeub.mp4,FAKE
slkhwtlzio.mp4,FAKE
erufbzxadr.mp4,REAL
zzrgdemacp.mp4,FAKE
bfzylgxdsh.mp4,FAKE
kthmdwlcid.mp4,FAKE
wgeeeyqpxk.mp4,FAKE
gdweubaodc.mp4,FAKE
ecmeyklynx.mp4,FAKE
hgjwyphxkx.mp4,FAKE
wijivnlimz.mp4,FAKE
qrrywyhvir.mp4,FAKE
rmhyayslbg.mp4,FAKE
tuznghodsj.mp4,FAKE
kegfwspupv.mp4,FAKE
vbblpofexr.mp4,FAKE
nhggigrlac.mp4,REAL
mbgwfdosas.mp4,REAL
ryxnucuogh.mp4,FAKE
nekyfdwnuz.mp4,FAKE
ozugngfwmh.mp4,FAKE
acijttdakc.mp4,FAKE
qgzehexlft.mp4,FAKE
atfsgedmws.mp4,FAKE
eguqjwflyk.mp4,FAKE
pcucurduis.mp4,REAL
msbbpcyurb.mp4,FAKE
txtrbqitgt.mp4,REAL
totlhgpcws.mp4,FAKE
pstqbmtlri.mp4,FAKE
fwwmvfzczo.mp4,FAKE
kltziwbehe.mp4,FAKE
ubebziknbg.mp4,FAKE
tssriiuacg.mp4,FAKE
oproityyiy.mp4,REAL
yjbjenmloj.mp4,FAKE
zgzvbmimiq.mp4,FAKE
lrmlvvhbnz.mp4,FAKE
fyrirkmosq.mp4,FAKE
xqhlqhuwtc.mp4,FAKE
pgopxdjajv.mp4,REAL
ynpoongamk.mp4,FAKE
girzvnxxos.mp4,REAL
lnfgnieebi.mp4,FAKE
xgyirqehkl.mp4,FAKE
tpztvhiiyt.mp4,REAL
nbcffonudi.mp4,FAKE
unbvktbhsi.mp4,FAKE
tegrhvlxbc.mp4,FAKE
krgalbqcsr.mp4,FAKE
frwbpshvyi.mp4,REAL
adgbonsihj.mp4,FAKE
zpxnzkrocg.mp4,FAKE
nbtymwnxcw.mp4,REAL
wajeimazic.mp4,FAKE
vzpjiizwuh.mp4,FAKE
rpreeqxlya.mp4,FAKE
wascdpzkhj.mp4,FAKE
roxevcougz.mp4,FAKE
brdsxrolik.mp4,FAKE
lvtirqatfn.mp4,REAL
rmgfraxziy.mp4,REAL
cmgktfejct.mp4,FAKE
olxmwkypcn.mp4,FAKE
ikjvjeyova.mp4,FAKE
vstgtxicpy.mp4,FAKE
flmkaifcqm.mp4,FAKE
ryenloufcu.mp4,FAKE
xndjuoyewh.mp4,FAKE
oxbuvomrto.mp4,FAKE
hoevrgmybf.mp4,FAKE
uggsnpctkd.mp4,FAKE
jinbhnxsfk.mp4,FAKE
ptocqdufns.mp4,FAKE
lkfulaaiix.mp4,FAKE
eridbtnenr.mp4,FAKE
psesgswysh.mp4,FAKE
owujdciifx.mp4,FAKE
hzxaoosnan.mp4,FAKE
dlkrgjuion.mp4,FAKE
jxhpbimuma.mp4,FAKE
cwmistjkvh.mp4,FAKE
bpezkefwro.mp4,FAKE
waqssoochw.mp4,FAKE
dbmpfxwtfw.mp4,FAKE
jduilfrsta.mp4,FAKE
eqtgcgvfxh.mp4,FAKE
wmipbjwwbq.mp4,REAL
eglifouwvd.mp4,FAKE
tztvmnllop.mp4,REAL
mbzdiuofuc.mp4,FAKE
frlfdvwqdu.mp4,FAKE
ccyzerjybx.mp4,FAKE
tamlohvayl.mp4,FAKE
rlbajvttrj.mp4,FAKE
lplkkcyild.mp4,FAKE
rodywaihwm.mp4,FAKE
dyfiizgexn.mp4,REAL
iodibdwzeh.mp4,FAKE
lvlhczjedz.mp4,FAKE
zuwmkkdncq.mp4,FAKE
hhckrgehwt.mp4,REAL
qhnegrdqcw.mp4,FAKE
usmkpzrmdu.mp4,FAKE
mrxuhhgozz.mp4,FAKE
jswifckvow.mp4,FAKE
jprwurdarq.mp4,FAKE
msdsxxdffx.mp4,FAKE
lqsuysuorm.mp4,FAKE
pamojtjusq.mp4,FAKE
vtfxzpmklo.mp4,FAKE
quwnrbjhsx.mp4,FAKE
ypsgzbgbaz.mp4,FAKE
texdtshvug.mp4,FAKE
hwcadwarqe.mp4,FAKE
srdbiykeja.mp4,FAKE
jfffqmhuwb.mp4,FAKE
ckizqymonj.mp4,FAKE
jdvzqjihud.mp4,REAL
tdfieeqwfg.mp4,FAKE
tlaxtosyoi.mp4,REAL
quuftbrmtx.mp4,FAKE
rchpononkc.mp4,FAKE
luuwyccutf.mp4,FAKE
wejwwupaik.mp4,REAL
yzebcskiyu.mp4,REAL
itwlluclqd.mp4,FAKE
tmesgzxpae.mp4,FAKE
csysmpozdj.mp4,FAKE
ikaguhjtav.mp4,REAL
uyfowwaqck.mp4,FAKE
zumuygaymw.mp4,FAKE
guupwbnbzc.mp4,REAL
knwatildbk.mp4,FAKE
kzajsnbfjn.mp4,FAKE
xbnxqnchxn.mp4,REAL
ocobzwzymt.mp4,FAKE
usbnyondzf.mp4,FAKE
hwplegxife.mp4,FAKE
zverzcapzv.mp4,REAL
vfumwyxiyh.mp4,FAKE
gewlpehuqr.mp4,REAL
pnbjrnmkwk.mp4,FAKE
rzufbacvfh.mp4,FAKE
xgfgwmtuyx.mp4,FAKE
wmglzfxxzp.mp4,REAL
ssnbwxewyl.mp4,REAL
wxidgolzcc.mp4,REAL
zeacsjqljl.mp4,FAKE
fdozjrmuve.mp4,FAKE
koxqpeopjh.mp4,FAKE
uxthpvfaix.mp4,FAKE
gjzzflzknu.mp4,FAKE
onhrqiwqgh.mp4,FAKE
ammjmqtbdo.mp4,REAL
urfhsvdeac.mp4,FAKE
ianrpeopjz.mp4,FAKE
ugeqwqcmzb.mp4,FAKE
wocrjylvyj.mp4,FAKE
igmbrvoxmp.mp4,FAKE
zhnojqbrlx.mp4,FAKE
ihklglsqss.mp4,FAKE
ecispyzqqy.mp4,FAKE
felyqpstsc.mp4,FAKE
xugenbxalr.mp4,FAKE
rsqtyghjbe.mp4,FAKE
tplknrvvcg.mp4,FAKE
szgxpdvaxx.mp4,FAKE
kjcgwbvibe.mp4,FAKE
fycwtfwtdg.mp4,FAKE
lwxchoefjl.mp4,REAL
ogzsnowlkn.mp4,FAKE
qtnaoqbyvi.mp4,FAKE
hxgksvlkpw.mp4,FAKE
dymfianyot.mp4,FAKE
ygailoszoy.mp4,FAKE
aempoxlxod.mp4,FAKE
jbgklqgife.mp4,REAL
zmoxegqwxn.mp4,FAKE
thkfrdqitc.mp4,REAL
nphuxjfxfk.mp4,FAKE
intgifgoei.mp4,FAKE
xfbpatvuww.mp4,FAKE
kuthbtukcz.mp4,FAKE
nbsckxvkqa.mp4,FAKE
wocpdprlvy.mp4,FAKE
ytcfrfpohz.mp4,FAKE
htswfrgtdb.mp4,FAKE
hkxlcqghjx.mp4,FAKE
okpnmxnvhi.mp4,FAKE
mlczkmmgnm.mp4,FAKE
olsbyvmxeo.mp4,FAKE
zvpgtyzzdv.mp4,REAL
htsicwzxie.mp4,REAL
ulmydxkimr.mp4,FAKE
brnpejbjwh.mp4,REAL
vllaywfxer.mp4,FAKE
tuitlooreh.mp4,FAKE
ktqvxxdyaj.mp4,FAKE
zwiulizzwe.mp4,FAKE
bquwvbrgfm.mp4,FAKE
fpeadurrwp.mp4,FAKE
vvjfajsxig.mp4,REAL
jgpehjkuvu.mp4,FAKE
cinzmdxhvb.mp4,FAKE
zunjrgoath.mp4,REAL
roznidpfxz.mp4,FAKE
wydgcgjzds.mp4,FAKE
umuvvijuvm.mp4,FAKE
udzcqwjwin.mp4,REAL
pnptubzyld.mp4,FAKE
cznwglxzxz.mp4,REAL
ylsrifhwxj.mp4,FAKE
qtwtiaihsq.mp4,FAKE
pryhnrjpqx.mp4,FAKE
iosdqvewkt.mp4,FAKE
idnzdgufeh.mp4,FAKE
nxvqgtzqbe.mp4,FAKE
qvuxdpygaa.mp4,FAKE
efbfhuxssy.mp4,FAKE
rwzbdnjurj.mp4,FAKE
psfhnebcxe.mp4,FAKE
yllayfmpsw.mp4,FAKE
imbxoalbyu.mp4,FAKE
aprcmkybrl.mp4,FAKE
cmzztzglmh.mp4,FAKE
hyetubeika.mp4,FAKE
dtxlvowwgh.mp4,FAKE
sddkqwwckt.mp4,FAKE
tkrgcekjco.mp4,FAKE
kigcwfifyq.mp4,FAKE
uzznztgfwd.mp4,FAKE
dmbtnshrxm.mp4,FAKE
oimivjeigb.mp4,REAL
lqyckwtvnl.mp4,REAL
hszyfhrdex.mp4,FAKE
gemheimuxv.mp4,FAKE
tvfbdavhvq.mp4,FAKE
lbxkexkqvu.mp4,FAKE
ifvsoxuelf.mp4,FAKE
dbffefhwek.mp4,FAKE
enjjddkvps.mp4,FAKE
xnqizzjnyr.mp4,REAL
vtajmvjasj.mp4,FAKE
xmyitpohoy.mp4,FAKE
xorrpcjyxp.mp4,FAKE
ohraninazv.mp4,REAL
yfzxgshdqe.mp4,FAKE
nidtgegbkx.mp4,FAKE
bhhkyewexj.mp4,FAKE
uyaocjjsib.mp4,REAL
jyiojumcst.mp4,FAKE
mrzvbvlruf.mp4,FAKE
yfaxshlqgo.mp4,REAL
wbjovxmnin.mp4,FAKE
ilzqbskjjc.mp4,FAKE
odlqgtlbsf.mp4,FAKE
dybftpanwm.mp4,FAKE
bglsrppmtk.mp4,REAL
cxrmbappkf.mp4,FAKE
fupjjvvmbu.mp4,FAKE
qdanomggxf.mp4,FAKE
oiekutdwwf.mp4,FAKE
bjevfmiohj.mp4,FAKE
dsnvzccwcm.mp4,REAL
cyqhlojnof.mp4,FAKE
dlpbbtzxpb.mp4,FAKE
aadlvezwah.mp4,FAKE
llcwtfhmjd.mp4,FAKE
lskdixeqat.mp4,FAKE
lxbfnnhmju.mp4,FAKE
chraacdwpc.mp4,FAKE
xvrabiupoy.mp4,REAL
itsvfzdxkt.mp4,FAKE
dfjnlgoctu.mp4,REAL
puekyxazbi.mp4,FAKE
rilypvmlnp.mp4,FAKE
beoeofnqpa.mp4,REAL
naijysjeic.mp4,FAKE
ehwqcsduyw.mp4,FAKE
gosbomznhy.mp4,FAKE
gljngltwko.mp4,FAKE
pvjpcbveym.mp4,FAKE
omyykafihi.mp4,FAKE
bkrpxyjars.mp4,FAKE
hiskggmgtr.mp4,FAKE
hnpiflaohv.mp4,FAKE
zmlywaummw.mp4,REAL
qzgexkljgk.mp4,FAKE
ceiwazlque.mp4,REAL
xoxeibxoml.mp4,FAKE
hjyahpffcf.mp4,FAKE
yehfurclja.mp4,FAKE
cwgymbeyiw.mp4,FAKE
fkzmdpmcbc.mp4,FAKE
bthhobpzyq.mp4,REAL
onygmnjhph.mp4,REAL
fmbmlagoiq.mp4,FAKE
kvoxvhtglu.mp4,FAKE
jrzphugdyd.mp4,FAKE
sprkylblxq.mp4,FAKE
iysvczmsms.mp4,REAL
gzpvonnbpm.mp4,FAKE
pefwyzhjuw.mp4,FAKE
oldaipeaqt.mp4,FAKE
sqqgqnolwf.mp4,FAKE
zuwytlnmhp.mp4,REAL
gbctzhqtoe.mp4,FAKE
btcrnbwagj.mp4,FAKE
crlxjpnyrt.mp4,FAKE
jttpgvrqep.mp4,FAKE
bvwksxjqtz.mp4,FAKE
jvjrveqgky.mp4,FAKE
qeuiugjhqg.mp4,REAL
rgcysoaikl.mp4,FAKE
aumokcjpko.mp4,FAKE
hwvojrzppr.mp4,FAKE
gkcqhdxxne.mp4,FAKE
wrqiqqwzky.mp4,FAKE
dfkatdijen.mp4,REAL
nnjpfzusji.mp4,REAL
bctcynauwa.mp4,FAKE
cquynbyczd.mp4,FAKE
bziyaparip.mp4,FAKE
psytlhwyum.mp4,FAKE
fmtjplzasl.mp4,FAKE
jsxjcgojly.mp4,FAKE
edtkmpkjnh.mp4,FAKE
azmjullweh.mp4,FAKE
rfwylyhhzl.mp4,FAKE
vsfswpfuqi.mp4,FAKE
yuxjhyneca.mp4,FAKE
blvuhoedza.mp4,REAL
iucopuupvn.mp4,FAKE
oekleyyeyg.mp4,FAKE
cfujweharl.mp4,FAKE
enbwseqhsd.mp4,REAL
wkznwcrkfl.mp4,FAKE
sgyfhzseie.mp4,FAKE
wmvkdhzcuc.mp4,FAKE
lihrgmqrff.mp4,FAKE
dvcslzbvnm.mp4,REAL
pinahgjtcg.mp4,FAKE
ypoadpyltn.mp4,FAKE
vexcwzcmuh.mp4,FAKE
nhirfybtea.mp4,FAKE
ytfngzjnfm.mp4,FAKE
vtoqrpsuox.mp4,FAKE
ypbnyofvxs.mp4,FAKE
izkahexkec.mp4,FAKE
symtdzxjcn.mp4,FAKE
pmkkxswvpy.mp4,FAKE
qgaeqlskxv.mp4,FAKE
jdzkvhchja.mp4,FAKE
dhhaporerz.mp4,FAKE
urqaihjkol.mp4,REAL
piobzdcjez.mp4,FAKE
lquelehzoi.mp4,FAKE
zwfmtchbuw.mp4,FAKE
jcahmchbgr.mp4,FAKE
cfsiesdgir.mp4,FAKE
ikiyenmfkm.mp4,FAKE
rlmnkudfke.mp4,FAKE
ldlooekesr.mp4,FAKE
mtecfllphy.mp4,REAL
rmhfzfoqrh.mp4,FAKE
hxaggobmxu.mp4,FAKE
fewczsiiye.mp4,REAL
qahgyczoze.mp4,FAKE
cwrphgbftq.mp4,REAL
ykupvorlma.mp4,FAKE
ktfqrgopjv.mp4,FAKE
mvvfowghab.mp4,FAKE
gzofefepbu.mp4,FAKE
zsphicqrkt.mp4,FAKE
pajzvnmpps.mp4,FAKE
xwchjncolr.mp4,FAKE
sbyvfklmtj.mp4,FAKE
muohrognps.mp4,FAKE
oqlcqlxmaa.mp4,FAKE
dlqhpqmmdo.mp4,FAKE
momktzzirn.mp4,FAKE
jrscolnmdf.mp4,FAKE
pmylrgnsns.mp4,REAL
kswetcwyss.mp4,FAKE
rskrntaywd.mp4,REAL
lqnglnltcx.mp4,FAKE
wlkgmbfrsq.mp4,FAKE
dugeewlcoh.mp4,FAKE
holcsnrsao.mp4,FAKE
hafdykqojm.mp4,FAKE
vfttfmjztd.mp4,FAKE
ygddgkryhz.mp4,FAKE
prninybudx.mp4,FAKE
uvvjswjozo.mp4,FAKE
ljnkwjjeld.mp4,FAKE
cdxykuskua.mp4,FAKE
dxhdxabssc.mp4,FAKE
acstbmvpcr.mp4,FAKE
bseqngknsh.mp4,FAKE
eazbaqodcy.mp4,FAKE
utkujzslgl.mp4,FAKE
vsdqalnnpc.mp4,FAKE
zoasqxfuin.mp4,FAKE
llpbmmnpbc.mp4,FAKE
ukwkfqnmxs.mp4,FAKE
rptpaznupo.mp4,FAKE
jubcvtyanz.mp4,FAKE
kcrvcexazv.mp4,FAKE
izrmjvjyxi.mp4,REAL
bzdowajxug.mp4,FAKE
quhztsndpr.mp4,FAKE
ffahlazvmr.mp4,FAKE
arokxduvue.mp4,FAKE
jebfdcgkyk.mp4,FAKE
ixzlxnfxni.mp4,FAKE
rxwrsfnvjx.mp4,FAKE
kqpabgbbcp.mp4,FAKE
qpqozdlxgv.mp4,FAKE
umhsxmwvnd.mp4,REAL
aohpayeuus.mp4,FAKE
vmzdwmknuz.mp4,FAKE
idftxnczgl.mp4,FAKE
obaugfytia.mp4,FAKE
ljrgrzikxi.mp4,FAKE
tukxjvjyxx.mp4,FAKE
nwgqkhjwci.mp4,FAKE
vadzdqwzez.mp4,REAL
wxivyqkcuo.mp4,REAL
bbtypvevoj.mp4,FAKE
ybztbncgbq.mp4,REAL
vvcyulxdtz.mp4,REAL
igupcloczi.mp4,FAKE
bbbkqdlsyu.mp4,FAKE
aumdtjrpoq.mp4,FAKE
dnediuiaxy.mp4,FAKE
mhoaaejiuk.mp4,FAKE
yaofzzcesn.mp4,FAKE
fvbmglxvnu.mp4,FAKE
olyyzxuogv.mp4,FAKE
szngyomziu.mp4,FAKE
ypcdqduufa.mp4,REAL
fgpozagjpl.mp4,FAKE
bprfcqhhmh.mp4,FAKE
mzjuzotmfq.mp4,FAKE
zldldzqwlz.mp4,FAKE
aejnircxtk.mp4,FAKE
usuenlcdcd.mp4,FAKE
nvlvsyigrl.mp4,FAKE
tofgobjkgv.mp4,FAKE
xfggnpofye.mp4,FAKE
cogcbbxpsn.mp4,FAKE
gevzrlqdxd.mp4,FAKE
uwaddunbkj.mp4,FAKE
xmlzldvtox.mp4,FAKE
aldekovjjt.mp4,REAL
oaxttpuqvi.mp4,REAL
eejhtxbvqs.mp4,FAKE
ckwjydkaqg.mp4,FAKE
elbphjqewz.mp4,FAKE
oyvqovluom.mp4,FAKE
tqvoigiion.mp4,FAKE
gvlbvgcgdy.mp4,FAKE
cacjezputw.mp4,FAKE
tdczxskeno.mp4,FAKE
crbrgeviwa.mp4,FAKE
dulwygcxuq.mp4,FAKE
llowzxnmag.mp4,FAKE
qleiwjmtuq.mp4,FAKE
mlkrkufjlx.mp4,FAKE
irtrgajtwq.mp4,FAKE
anlikuimks.mp4,FAKE
ybpmyfilxw.mp4,FAKE
exsjbkldxf.mp4,FAKE
fhxomiwsov.mp4,FAKE
zbwvauvdoa.mp4,REAL
ympkvkiyik.mp4,FAKE
ukholynptx.mp4,FAKE
fslwjnzjfy.mp4,FAKE
bwabycoxai.mp4,FAKE
faslgdifiu.mp4,REAL
xiknmepqen.mp4,FAKE
uaazyxkykq.mp4,FAKE
xklkkvztgc.mp4,REAL
ulubxioaxe.mp4,REAL
prhprpdfta.mp4,FAKE
dfzwlayvoj.mp4,FAKE
mrkudevjvw.mp4,FAKE
ryfwqgesrn.mp4,FAKE
luavgmsemj.mp4,FAKE
mrptdklhnq.mp4,FAKE
eatjcstfnq.mp4,FAKE
zxvhypkzta.mp4,FAKE
bacrdkbsdk.mp4,FAKE
epoblnewbi.mp4,FAKE
xmutsluwxc.mp4,FAKE
rspsjttbpq.mp4,FAKE
nhtkueolya.mp4,REAL
rcsfdnnqlo.mp4,FAKE
brdrhtpwut.mp4,FAKE
fvhqajmsbe.mp4,FAKE
exvbiowzyn.mp4,FAKE
bkniynymlp.mp4,FAKE
bfwuqtejgm.mp4,FAKE
mbbixqpeau.mp4,FAKE
eipyxvfhkf.mp4,FAKE
ddzmdulwdn.mp4,REAL
wxjsfpwryh.mp4,FAKE
ehkfhndcxe.mp4,FAKE
awnwneljqx.mp4,FAKE
dhtshmwlil.mp4,FAKE
qvqekhgmvc.mp4,FAKE
znsoaxtask.mp4,REAL
baovivatgs.mp4,FAKE
gphgxhyvni.mp4,FAKE
bjoaczaqqz.mp4,FAKE
almduxqxkm.mp4,REAL
zbhlvhjjgt.mp4,REAL
nvcqtijkbm.mp4,FAKE
ncfomcfrtg.mp4,FAKE
dqcrdjlcta.mp4,FAKE
ifgdjorcxi.mp4,FAKE
njshbwdkyp.mp4,FAKE
oblwqjlsji.mp4,FAKE
wemcysqjqg.mp4,FAKE
wgklnmklxb.mp4,REAL
cayiasylxk.mp4,FAKE
gvpsdogkiu.mp4,FAKE
stviurptyt.mp4,FAKE
eydebflvug.mp4,FAKE
zxuqoykuqj.mp4,FAKE
peqldvmjea.mp4,FAKE
jtbdyxjnnv.mp4,FAKE
rdqwxzikyp.mp4,FAKE
ymbnmhldpf.mp4,REAL
oxcbalcbmx.mp4,FAKE
qparfnuxsg.mp4,REAL
thluelsens.mp4,FAKE
mxfvcqjgfw.mp4,FAKE
rixvgnvbln.mp4,FAKE
bgulsntdfd.mp4,FAKE
apcwcrklwh.mp4,REAL
fggyeqctuq.mp4,FAKE
sonrfhclyu.mp4,FAKE
gsycrgkyew.mp4,FAKE
jxlocqbsmq.mp4,FAKE
szeqeiitnx.mp4,FAKE
jraodnkhkw.mp4,FAKE
tefhoyxzqm.mp4,FAKE
jheknxtwzo.mp4,FAKE
ndorvjinqx.mp4,FAKE
hikqsclcfb.mp4,FAKE
uhgbucmqnc.mp4,FAKE
chlpysdlgh.mp4,FAKE
lfnvgnmsxx.mp4,FAKE
cumwizfkcg.mp4,FAKE
vwqzxciroy.mp4,FAKE
fteiwujfus.mp4,FAKE
ksieftrsaz.mp4,FAKE
mbnoftngsb.mp4,FAKE
bafktkorci.mp4,REAL
bgtvaxxqom.mp4,FAKE
lumsgiktxx.mp4,FAKE
aqfhydprgp.mp4,FAKE
moftjdwdps.mp4,FAKE
yzdbfnuliw.mp4,FAKE
arfpvtvavs.mp4,FAKE
bquiqmqbor.mp4,FAKE
rwecrhrccs.mp4,FAKE
hmvwpvnyco.mp4,REAL
rhgzohvxet.mp4,FAKE
lkvxusscdq.mp4,FAKE
umajkyqlbc.mp4,FAKE
vzqpsxusrg.mp4,FAKE
jyuctyzqsf.mp4,FAKE
ureaimdzsn.mp4,REAL
fiskmunura.mp4,FAKE
aqcmtcybpq.mp4,FAKE
gjgqtllwqz.mp4,REAL
fbpsnyylei.mp4,FAKE
pytwpmkybn.mp4,REAL
tyrvednxoc.mp4,FAKE
kyrjcgtdnr.mp4,FAKE
fjihrjusdx.mp4,REAL
ooarfstzxd.mp4,FAKE
bhlibcqirb.mp4,FAKE
kebojjpbmu.mp4,FAKE
wgtjwbnaui.mp4,FAKE
awtwvcthes.mp4,FAKE
irnfnmfxtq.mp4,REAL
rrythizzsk.mp4,FAKE
fucolxblxh.mp4,FAKE
hpdavfaacr.mp4,FAKE
iujnlpzwuq.mp4,FAKE
mlrktgdwlp.mp4,FAKE
gzapmclgal.mp4,FAKE
jersqypdbt.mp4,FAKE
uibtgrxhzo.mp4,FAKE
pgoqoftykk.mp4,REAL
fyzlunqyrr.mp4,FAKE
ybbbniaaje.mp4,FAKE
adechdkvaj.mp4,FAKE
wfjahjzmuf.mp4,REAL
agazcxsnes.mp4,REAL
remjlzfyyl.mp4,FAKE
mhfnqpxelw.mp4,FAKE
uojmmyhkuw.mp4,FAKE
nacoxwjfls.mp4,REAL
sdhinvudec.mp4,FAKE
vmgyhhcclj.mp4,FAKE
eqzbptsabh.mp4,FAKE
lacwjuhxby.mp4,FAKE
ejxnykesiu.mp4,FAKE
kivrmvxuqz.mp4,FAKE
xrakuvthyr.mp4,FAKE
euthwchlci.mp4,FAKE
nxnyfbpdvd.mp4,FAKE
ixwjksvtxv.mp4,REAL
qlrzbtcbbh.mp4,FAKE
hollmfvplq.mp4,FAKE
ejbqyeonlo.mp4,FAKE
mpunearycu.mp4,FAKE
dewcfwtkzc.mp4,FAKE
iohbhuwztq.mp4,FAKE
phdljoezcb.mp4,FAKE
aqzgpmlynd.mp4,FAKE
mmmtjatemb.mp4,REAL
kuyrregmbl.mp4,FAKE
zwghmplokl.mp4,FAKE
arfsazswhs.mp4,FAKE
htelcjopzv.mp4,FAKE
sdzwwgqlpp.mp4,FAKE
fayxrjrdiy.mp4,FAKE
ircwajsosw.mp4,FAKE
ardthlteap.mp4,FAKE
fcwytrceol.mp4,FAKE
aqqcoedhcc.mp4,FAKE
kvfvfdbbje.mp4,FAKE
lymenafcef.mp4,FAKE
hvbnkquhzl.mp4,FAKE
imqdjxgogr.mp4,FAKE
vanndppkap.mp4,FAKE
tbwkcbkubx.mp4,FAKE
zhrjrsloix.mp4,REAL
tfbsfycgfr.mp4,FAKE
niypapnoea.mp4,FAKE
bwqklxwhbd.mp4,FAKE
oyycqqgyov.mp4,FAKE
hpddnqjkfm.mp4,FAKE
fbcewqjjmd.mp4,FAKE
scrwlmqnyg.mp4,FAKE
hrtruotrdu.mp4,FAKE
ucwhygvsrx.mp4,FAKE
wuyzidtfnb.mp4,FAKE
wwfqrtuitk.mp4,FAKE
wnyeuvocho.mp4,FAKE
aoepmomsuc.mp4,FAKE
ayqpyomdan.mp4,FAKE
zlsyvupxyk.mp4,FAKE
exklctvfty.mp4,FAKE
zlqkjcnxbc.mp4,FAKE
ucfjthhfqr.mp4,FAKE
dunvnvhbat.mp4,FAKE
fzczwgdgwo.mp4,REAL
dmgooiimwk.mp4,FAKE
qjdncxwgzn.mp4,FAKE
mqcqjynvym.mp4,FAKE
ghcmrdcqdf.mp4,FAKE
yflgptgirp.mp4,FAKE
ptpwappdyx.mp4,REAL
uwfyzjdrif.mp4,FAKE
kojpmryjau.mp4,FAKE
heesnutqtm.mp4,FAKE
fcgidbpuod.mp4,FAKE
yujxfujhax.mp4,FAKE
kewjgfclxa.mp4,REAL
ruzjqdupxk.mp4,FAKE
qdonjyzgxn.mp4,FAKE
aagpxhuqpp.mp4,FAKE
xthifkignl.mp4,REAL
iorsjvmyib.mp4,FAKE
dxyscyrjgu.mp4,FAKE
bpueeygkdb.mp4,FAKE
dieoechqok.mp4,FAKE
ihobqbaibc.mp4,FAKE
sczqsptlul.mp4,FAKE
cssuukpkgx.mp4,FAKE
zqalfdiyeg.mp4,FAKE
dqlevdzjlh.mp4,FAKE
wsaslefmeg.mp4,FAKE
smfekouwyo.mp4,FAKE
eoybutteqg.mp4,FAKE
czmjdcggyj.mp4,FAKE
yiurgxbllb.mp4,FAKE
sicobdfwed.mp4,FAKE
yqjzsdjqiv.mp4,FAKE
xgzbktepse.mp4,FAKE
ndjerymuzq.mp4,FAKE
eanriatjbj.mp4,FAKE
jwrardpibq.mp4,FAKE
jmaogvrnrf.mp4,FAKE
crdyibxnar.mp4,FAKE
zoiiejlxam.mp4,REAL
xkhesepfww.mp4,FAKE
rdciqrrwze.mp4,FAKE
pxbfexoxkk.mp4,FAKE
jwnsfxrcuk.mp4,REAL
lmrksqgmty.mp4,FAKE
iaxhdplsjw.mp4,FAKE
mcgyhumaob.mp4,REAL
zganfnadhh.mp4,FAKE
jjpuafddqd.mp4,FAKE
jbobnmshak.mp4,FAKE
zqwhemoxuz.mp4,FAKE
tspxsnmgvn.mp4,FAKE
qaeqahfvja.mp4,FAKE
sirdjpbuka.mp4,FAKE
iqrkbsiuql.mp4,FAKE
bzgntpuroz.mp4,FAKE
jawulqeyzr.mp4,FAKE
alebgijlzb.mp4,FAKE
lropweocye.mp4,FAKE
etqekytcma.mp4,FAKE
ilmssrcmcm.mp4,REAL
oympxjlwci.mp4,FAKE
qqwoqhvamz.mp4,FAKE
mkspcatszv.mp4,REAL
ombfehyjxv.mp4,FAKE
edvooqzakj.mp4,FAKE
djnjgsplgc.mp4,FAKE
icvbhynbui.mp4,FAKE
yvvnxnztoj.mp4,REAL
cjlcuujmqy.mp4,FAKE
whlaztlswh.mp4,FAKE
eggguurzxm.mp4,FAKE
pqzwczcugr.mp4,FAKE
hoocqprani.mp4,FAKE
hkapaswvkx.mp4,FAKE
pxsnwtbyuo.mp4,FAKE
icxmuaiwvq.mp4,FAKE
pllykonjem.mp4,FAKE
jhlvjsnwpz.mp4,FAKE
iohuzwvefi.mp4,REAL
uyhkttlaiz.mp4,FAKE
kwwopsvlkq.mp4,FAKE
ktvdplgwro.mp4,REAL
zkraugbwcs.mp4,FAKE
adzxmqarac.mp4,FAKE
ywkjiubxbs.mp4,FAKE
lblizadwkn.mp4,FAKE
vgyftxulpj.mp4,FAKE
wxrqkiqgix.mp4,FAKE
gzukcthgqg.mp4,REAL
wprscsysul.mp4,FAKE
jcnfyxmfmq.mp4,FAKE
igztjgndud.mp4,REAL
bebnleywrr.mp4,FAKE
svlxzardad.mp4,FAKE
vqbyxeiuzk.mp4,FAKE
wotjgzxgmb.mp4,FAKE
olwxxevrto.mp4,FAKE
tjwknczjsg.mp4,FAKE
anoehnostw.mp4,FAKE
nsanaxscsx.mp4,REAL
cwnryzcrjc.mp4,FAKE
zkirsrrnos.mp4,FAKE
ubqmcudjhb.mp4,FAKE
fssmgiceik.mp4,FAKE
bzrtpdlgmw.mp4,FAKE
ubfrqinwri.mp4,FAKE
xrpbhqdxvq.mp4,FAKE
eedeexqyxg.mp4,FAKE
lvipnebaps.mp4,FAKE
xzvkblgxvd.mp4,FAKE
kfbuactypx.mp4,FAKE
kvbsmrjsak.mp4,REAL
xvqiloxtuo.mp4,FAKE
rbmffisqae.mp4,FAKE
yarodrgcoe.mp4,FAKE
fqkhvmugbw.mp4,FAKE
rkasxaljmj.mp4,FAKE
enmqxixglr.mp4,FAKE
fdrrchsbbc.mp4,REAL
gscodekatw.mp4,FAKE
oathlhqdnz.mp4,FAKE
kqcjqltrql.mp4,FAKE
rptgunzuyd.mp4,FAKE
sqhepmsden.mp4,FAKE
tnqbwjkivf.mp4,FAKE
nixtuusgmn.mp4,FAKE
zyaxmcnurx.mp4,FAKE
okluiruxjy.mp4,FAKE
vhfpkonfad.mp4,FAKE
dpyxedhwxc.mp4,FAKE
elvvtvpllm.mp4,FAKE
rfronnyujq.mp4,FAKE
obvlrrsrtn.mp4,FAKE
stdsxxbsjo.mp4,FAKE
memcfxjmmh.mp4,FAKE
qbruydwzcc.mp4,REAL
wotgiryojo.mp4,REAL
gplnqwprix.mp4,FAKE
bxdhawuldp.mp4,FAKE
csdikrzaqt.mp4,FAKE
hmqjbxgsne.mp4,FAKE
icdxqthvir.mp4,FAKE
mqdiuiaqff.mp4,REAL
egghreippu.mp4,REAL
ppkkijrzsn.mp4,FAKE
pyfelgwsqz.mp4,FAKE
nsdfwjazft.mp4,FAKE
ftgsxxqcuc.mp4,FAKE
btgpmxokzm.mp4,FAKE
ccxbzqmxfv.mp4,FAKE
ynlucsymjj.mp4,REAL
ugdteljfgb.mp4,FAKE
lasyuwijjx.mp4,FAKE
iafpwuoyjq.mp4,FAKE
eyzalirywb.mp4,FAKE
uoyikorptf.mp4,FAKE
hegffcpclm.mp4,FAKE
zbpuyzshmb.mp4,FAKE
sslxctsvjk.mp4,FAKE
aokrlamaci.mp4,REAL
gzaxpcyrfs.mp4,FAKE
xbolgviewp.mp4,REAL
aebjlsefci.mp4,FAKE
yfqjyzznuk.mp4,FAKE
xjxfonxtcx.mp4,FAKE
ghewxwkovt.mp4,FAKE
yagrukpvcu.mp4,FAKE
ijpdgsydfx.mp4,FAKE
zaxdmursoa.mp4,FAKE
fnmyrbkppr.mp4,FAKE
ztutsnlhtr.mp4,REAL
soadooqwcv.mp4,FAKE
tgmbrgobyr.mp4,FAKE
djbvbxioph.mp4,FAKE
otodmcwvkl.mp4,FAKE
wzdmqsfwzv.mp4,FAKE
pmmvhosvkh.mp4,FAKE
xsibczsnbr.mp4,FAKE
rsebexwysm.mp4,FAKE
mizwnmzxvz.mp4,FAKE
ejjqgpvjme.mp4,REAL
dwftqyotqh.mp4,FAKE
dahofvxbbz.mp4,FAKE
tgzvujhqzk.mp4,FAKE
vioxusvgwc.mp4,FAKE
solfesnwzd.mp4,FAKE
swdgvesbou.mp4,FAKE
xmodyeeaxr.mp4,FAKE
mdmuvxdjzy.mp4,FAKE
gvokuxhsbf.mp4,FAKE
tvpdydluzo.mp4,REAL
yanzsjwhrb.mp4,REAL
mwzemjwyfu.mp4,FAKE
xnhfbwlupc.mp4,REAL
ngkxqtabyc.mp4,REAL
qslqrxndnh.mp4,REAL
sndiwjhlaq.mp4,FAKE
akalyasdmg.mp4,FAKE
icnrizpsic.mp4,REAL
ddsqtnxyif.mp4,FAKE
rnfchzufze.mp4,REAL
ksuwunipsc.mp4,FAKE
xlllrhropy.mp4,FAKE
gknjpknzce.mp4,FAKE
dsfhozjjuh.mp4,FAKE
bkiktnngpt.mp4,FAKE
rxxjcsamco.mp4,FAKE
cjqjmelvvr.mp4,FAKE
xzsshnkqpv.mp4,FAKE
xynqbceyjg.mp4,FAKE
jqjuptdlbr.mp4,FAKE
htrnhdlzmp.mp4,FAKE
nxbysllaap.mp4,FAKE
ygllsykoyz.mp4,FAKE
znycjndsxw.mp4,FAKE
pdwsngffox.mp4,FAKE
jrzsengxux.mp4,REAL
thlsdnvgqd.mp4,REAL
fdumtjobph.mp4,FAKE
msibqyvapv.mp4,FAKE
qppnwoodzt.mp4,REAL
uzbbfxbkud.mp4,FAKE
pvmdlkmifj.mp4,FAKE
rgtofufpzc.mp4,FAKE
pgaetihrcu.mp4,FAKE
qewxqkzxci.mp4,FAKE
fweukjhlsg.mp4,FAKE
mdphurahjg.mp4,FAKE
gvwqberjhs.mp4,REAL
bufydtkvxt.mp4,REAL
mhpgyqlaad.mp4,REAL
fbaowuyagg.mp4,FAKE
wrygwoauva.mp4,FAKE
ykxuygbjwe.mp4,REAL
wdfdvsazip.mp4,FAKE
brlgldrllv.mp4,FAKE
qesnaogado.mp4,FAKE
umsjbaoqzh.mp4,FAKE
bhlelcjvoq.mp4,REAL
yxwnmuylsr.mp4,FAKE
doycefznlf.mp4,FAKE
wednxyugdb.mp4,FAKE
zlcfxbdymt.mp4,REAL
ltnukcazoy.mp4,FAKE
wquagognqo.mp4,REAL
gvzquyojht.mp4,REAL
bpsjvrrvpa.mp4,FAKE
kpwhuuxcgl.mp4,FAKE
uofvmcxbgg.mp4,FAKE
qnzrmlnexu.mp4,FAKE
zutnbbaplr.mp4,FAKE
ptggxwwewn.mp4,FAKE
okjgvmdvph.mp4,FAKE
sevxalfpiw.mp4,REAL
mwowglxcyx.mp4,FAKE
yjtgddbnow.mp4,FAKE
bahpguunin.mp4,FAKE
dyjosvrgxy.mp4,FAKE
cyxbkmwpyx.mp4,FAKE
zrtaylibdt.mp4,REAL
tdpnrxkwww.mp4,FAKE
jvcxmwktsf.mp4,FAKE
nihguufyth.mp4,FAKE
vksdndwdns.mp4,FAKE
pydldpbojl.mp4,FAKE
mcwxaubcjg.mp4,FAKE
zqwrditadz.mp4,FAKE
sfgnirvosg.mp4,FAKE
bqoxkjjlcc.mp4,FAKE
gckbkqedod.mp4,FAKE
kufjedpjyi.mp4,FAKE
twniwdmspv.mp4,FAKE
jdbztnbnif.mp4,REAL
hnywpozkhx.mp4,FAKE
cqvbejdreo.mp4,FAKE
hxiboyszmp.mp4,FAKE
zcyujkwbhk.mp4,FAKE
lqxpsrkxzr.mp4,REAL
eibwnqrgcz.mp4,FAKE
oxeujnjtsr.mp4,REAL
dzowjphhzo.mp4,FAKE
hwocmokpis.mp4,FAKE
mckiotlqwx.mp4,FAKE
pgyrbuytsb.mp4,REAL
rziudhqfzg.mp4,FAKE
bqjekhchdu.mp4,FAKE
ksjiwgddid.mp4,FAKE
gofcvoyogl.mp4,REAL
nfxbfgxgqn.mp4,FAKE
hsbijaigkz.mp4,FAKE
xfrfdspnox.mp4,REAL
euizkgoxog.mp4,FAKE
oifnorczzm.mp4,FAKE
wpftmwkyuw.mp4,FAKE
hwcpigcjqz.mp4,FAKE
hiurpjclkt.mp4,FAKE
tvzqiqimum.mp4,FAKE
tawqkgdzsw.mp4,FAKE
xiekprhlqw.mp4,FAKE
czmmoyfilz.mp4,FAKE
bnxqmregwp.mp4,FAKE
nfoqyaryyn.mp4,FAKE
vdnfwpwpbx.mp4,FAKE
wqxnzouaar.mp4,FAKE
gjsegbhdyf.mp4,FAKE
cuxfcbvaeu.mp4,FAKE
zfeydpvpxo.mp4,FAKE
smypsdrfal.mp4,FAKE
znnzpyryjs.mp4,FAKE
hoflsgfncq.mp4,FAKE
hsdmktfzqx.mp4,FAKE
slzetbjxax.mp4,REAL
yavglvswie.mp4,FAKE
iuovlbhebm.mp4,FAKE
wkvizgdpwc.mp4,FAKE
haylwukukd.mp4,FAKE
qgsnvozsnr.mp4,FAKE
eqazpgpocj.mp4,FAKE
ezwzpfbrbc.mp4,FAKE
ijncnebnuc.mp4,FAKE
nrvhpzsvbo.mp4,FAKE
twlorhhbya.mp4,FAKE
akatfxowma.mp4,FAKE
uigumjoigj.mp4,FAKE
sggxohvcmt.mp4,FAKE
tbahawsjhe.mp4,FAKE
ervrhrvfej.mp4,FAKE
ztiooseaps.mp4,REAL
rbmfmrclqn.mp4,FAKE
slkmlgxvqg.mp4,REAL
cjmkgrsply.mp4,FAKE
bqxejanadt.mp4,FAKE
ezpnggyxtz.mp4,FAKE
meqwhaqahv.mp4,FAKE
wzdlhutmdu.mp4,FAKE
jpxwbkodtu.mp4,FAKE
dukyxdeypr.mp4,FAKE
cberkdkyfm.mp4,REAL
tvfyffofef.mp4,REAL
kidyoyklcg.mp4,FAKE
mcrcdjrfsr.mp4,REAL
tqchsroivr.mp4,FAKE
xagcihtnmv.mp4,FAKE
jbdbsfhzbu.mp4,FAKE
yipygkgxsa.mp4,FAKE
bbzatzlgpo.mp4,FAKE
vfbnamtpdk.mp4,FAKE
laoyfuspvq.mp4,FAKE
wqtmsiyfin.mp4,FAKE
gtdauewqci.mp4,FAKE
apzoewmtdf.mp4,FAKE
tiusgaoruc.mp4,FAKE
bdgspwardg.mp4,FAKE
xownsgmhhw.mp4,FAKE
elqkrqiruk.mp4,FAKE
udgrldcppn.mp4,FAKE
fbctblabfx.mp4,FAKE
axjxujtbsr.mp4,FAKE
yuwoxpqeuv.mp4,REAL
lzwgaarglg.mp4,FAKE
wqliycxgmf.mp4,FAKE
wazuwenqyy.mp4,FAKE
bdzzjqqekr.mp4,FAKE
josdikixtm.mp4,FAKE
entpculrml.mp4,FAKE
xxragkvyxj.mp4,FAKE
cwfkstvwpn.mp4,FAKE
xurntpvfma.mp4,FAKE
pzbxyooyeq.mp4,FAKE
eyzrnbvgkn.mp4,FAKE
kwknmfjcix.mp4,FAKE
uflxvlverf.mp4,FAKE
rzekdyfhks.mp4,REAL
ujlusvhjgb.mp4,FAKE
spvzzqcqfg.mp4,FAKE
vkchewraap.mp4,REAL
xkltttyeop.mp4,FAKE
lieimcjeke.mp4,FAKE
hzorbwpaey.mp4,FAKE
gutjstyrxk.mp4,FAKE
ufasbwlwuh.mp4,FAKE
ynubvckkhw.mp4,FAKE
nogfydfpcg.mp4,FAKE
hjwpkcidey.mp4,FAKE
rtdkyhvmsm.mp4,FAKE
eeiaqkzsxi.mp4,REAL
nvdydexbln.mp4,FAKE
ymmvxajlsa.mp4,FAKE
jdrzuflzbu.mp4,REAL
ekolzsqdzj.mp4,REAL
ukwbmryplw.mp4,FAKE
igtkcmspif.mp4,FAKE
rcrupvuxdf.mp4,FAKE
avrxdvoabt.mp4,FAKE
okfrzbdcat.mp4,FAKE
bdlzynmlar.mp4,FAKE
vocvsaozqt.mp4,REAL
exnouagpnh.mp4,FAKE
doejawfgnh.mp4,FAKE
axtqkczcjf.mp4,FAKE
thpykdidhj.mp4,FAKE
trueahnqya.mp4,FAKE
vhjzscovkk.mp4,FAKE
qhslfuxjeg.mp4,FAKE
uqbsxmihbv.mp4,FAKE
knbymnlzbw.mp4,REAL
pcjqzgekmj.mp4,FAKE
ufucquemsr.mp4,FAKE
twbejffnfw.mp4,FAKE
jwvakkhvkp.mp4,FAKE
blruhiftcw.mp4,FAKE
liofxthbkk.mp4,FAKE
hlzmodrnqc.mp4,FAKE
ychojzxyzd.mp4,FAKE
zommrauaop.mp4,FAKE
stkwvpiswg.mp4,FAKE
pmworyrbze.mp4,FAKE
uyyxcqflpc.mp4,REAL
uuvasflgaw.mp4,FAKE
tbepxddoyw.mp4,FAKE
duagkimymq.mp4,FAKE
xwptlhziyb.mp4,FAKE
orzysslzoc.mp4,FAKE
cuexiuoenr.mp4,FAKE
xnzgdeluhs.mp4,FAKE
pmoiqwabqc.mp4,FAKE
jauwhqjzkh.mp4,FAKE
tmjdjamlkq.mp4,FAKE
ehnuidfhdu.mp4,FAKE
blvdapjxzz.mp4,FAKE
tehtfcecpf.mp4,FAKE
dagrpdryhv.mp4,FAKE
tpjincxhkn.mp4,FAKE
oxlneoubcj.mp4,FAKE
uqfupetnht.mp4,FAKE
oaaranlryg.mp4,FAKE
kmvsuicqeu.mp4,REAL
jxjahoczxz.mp4,REAL
cbnbjuhfmo.mp4,FAKE
oqcaxvbmyc.mp4,FAKE
cogkntngde.mp4,FAKE
ajnqudtjxe.mp4,FAKE
qvcsiotvxl.mp4,FAKE
euylxrfdrk.mp4,FAKE
ykmdxsklpv.mp4,FAKE
epaxyxcldg.mp4,FAKE
rgqgssltna.mp4,FAKE
ysqwcmfsrm.mp4,FAKE
woockxumil.mp4,FAKE
rjoabjswwx.mp4,FAKE
lhbppxooqt.mp4,FAKE
gguienkjpv.mp4,FAKE
zeuqdyakda.mp4,REAL
clidemnydd.mp4,FAKE
uyaxlsnssn.mp4,FAKE
loaajymwvm.mp4,FAKE
wdhqxcuysv.mp4,FAKE
idazugefys.mp4,FAKE
jbfxfoycfx.mp4,FAKE
ipblyaohlp.mp4,FAKE
kwarcxdpzb.mp4,FAKE
xcvxjqcavz.mp4,FAKE
ngjssklboy.mp4,FAKE
gipxxepkvv.mp4,FAKE
iwlqskbrsm.mp4,REAL
ohpctdcahv.mp4,FAKE
vepwvsjryi.mp4,FAKE
wbgkmmeiff.mp4,FAKE
qtyqskkgly.mp4,REAL
aaqdkpivxv.mp4,FAKE
uxddcumowl.mp4,FAKE
ydmemmmhfa.mp4,FAKE
qyctqclkty.mp4,FAKE
zrlqndyrtn.mp4,FAKE
ykjunwlspi.mp4,FAKE
fhaiqjsxxr.mp4,FAKE
njanvyfzpv.mp4,FAKE
kwyripquko.mp4,REAL
iqhhmhmfjd.mp4,FAKE
oexoavedkb.mp4,FAKE
gykyqruqkl.mp4,FAKE
txjbxfpihu.mp4,FAKE
iadaxbfggh.mp4,REAL
dbnrsbcrvk.mp4,FAKE
gqqngalilz.mp4,FAKE
qgafzmudde.mp4,FAKE
fmexhqiekb.mp4,FAKE
qvdkibrxei.mp4,REAL
glqriykjsl.mp4,FAKE
wtnqmcwadh.mp4,FAKE
yoonfdohwq.mp4,REAL
kacmgvthyt.mp4,FAKE
dkkstelqip.mp4,FAKE
yaaodzqhai.mp4,FAKE
kktoqqqjab.mp4,FAKE
hetlhhxtlb.mp4,FAKE
ywauchpgum.mp4,REAL
sdrhpnronp.mp4,REAL
wwmvkhdysc.mp4,FAKE
ijgwwoupzf.mp4,REAL
hrqjludceq.mp4,FAKE
yymzbacqfv.mp4,FAKE
aitisdvlut.mp4,FAKE
ucuczetzbs.mp4,FAKE
anfwfhudlp.mp4,FAKE
infejzfghd.mp4,FAKE
oveanytndm.mp4,FAKE
ryryihcyjn.mp4,FAKE
vgksgivitz.mp4,FAKE
hxuegrmiyl.mp4,FAKE
bvnapwoxqy.mp4,FAKE
istuybqeyj.mp4,FAKE
qkklqzcdkx.mp4,REAL
yixxnoyuuo.mp4,FAKE
tpocmszkhh.mp4,REAL
ncjhudadww.mp4,FAKE
acrrbsroel.mp4,FAKE
brfjxrbezo.mp4,REAL
oxkkzmshir.mp4,FAKE
wkyftsfazg.mp4,REAL
xpngnapgyx.mp4,FAKE
gscxabvysz.mp4,FAKE
fnxhrwzcmj.mp4,FAKE
oyclbcxhyi.mp4,FAKE
zdyftooudp.mp4,FAKE
bypxnsuvaz.mp4,FAKE
admukpsohs.mp4,FAKE
yhevztnbuk.mp4,FAKE
iyxjdvhoil.mp4,FAKE
jyurhlyzhw.mp4,FAKE
unhhxtyytk.mp4,FAKE
wrprsamguk.mp4,FAKE
hewhnzjqbd.mp4,FAKE
hwmotqkotc.mp4,FAKE
aehruoendm.mp4,REAL
sosfyjcuji.mp4,FAKE
mctgqamexh.mp4,FAKE
kbklbmzwyf.mp4,FAKE
gmtnuqkwql.mp4,FAKE
rzybzgqijd.mp4,FAKE
avvmidgbai.mp4,FAKE
ozhhaoydlq.mp4,REAL
aanfrlpkui.mp4,FAKE
mqlewdkeiq.mp4,FAKE
xykyaotifw.mp4,FAKE
afxksdrgnc.mp4,REAL
pdjmsicglg.mp4,REAL
eakzedasol.mp4,REAL
tplofbaklk.mp4,FAKE
udxxviwfkw.mp4,FAKE
xbvhubqzlq.mp4,FAKE
jopqwzkdtc.mp4,FAKE
ijicgtvikq.mp4,FAKE
nhfsobmiri.mp4,FAKE
tomzpivjic.mp4,REAL
kzzewzibdu.mp4,FAKE
wzkhjmezcs.mp4,REAL
dlrfpvskey.mp4,FAKE
ecxlhoizxw.mp4,FAKE
afwxwlxfbc.mp4,FAKE
trsqoonxko.mp4,FAKE
vjbtclkeiq.mp4,FAKE
srirkcysce.mp4,FAKE
zjhmmibena.mp4,REAL
smoewvhyvv.mp4,FAKE
acwcgmdxhl.mp4,FAKE
jefweckgnl.mp4,FAKE
ftrqdvnqxn.mp4,FAKE
lqrbopoqso.mp4,FAKE
kbklfuwgjb.mp4,FAKE
citpcmlvpy.mp4,FAKE
swxadgdkto.mp4,FAKE
fzbdgzzopl.mp4,FAKE
holvywcnrd.mp4,FAKE
nsllepqolu.mp4,FAKE
aruwupqwsc.mp4,FAKE
ldsvwroaru.mp4,FAKE
wsevdaoxpo.mp4,FAKE
rhlojfgydd.mp4,REAL
qzjdvsloso.mp4,FAKE
auhwmwgwrt.mp4,FAKE
jenwovyzez.mp4,FAKE
vfnqzmmxkl.mp4,FAKE
fsogcoukrw.mp4,FAKE
lgxesvqirp.mp4,REAL
ynvybzsdzq.mp4,REAL
bqdwopiwjc.mp4,FAKE
wwsviizdcp.mp4,FAKE
xrfnrllgjg.mp4,REAL
dbeqcrkmlo.mp4,FAKE
prypqfuqom.mp4,REAL
nqtujgqoid.mp4,FAKE
ucvfkwojqm.mp4,FAKE
mcvxwwwlrw.mp4,FAKE
jpvleeoqex.mp4,FAKE
cfybmuezmr.mp4,FAKE
wrpigfecoi.mp4,FAKE
ruxztsvlek.mp4,FAKE
sbyjgxrqgf.mp4,FAKE
oaoobzedru.mp4,FAKE
tfvaeovnqa.mp4,FAKE
lrtksynvic.mp4,FAKE
guotalmatn.mp4,FAKE
tsxuijektx.mp4,FAKE
giuuovfuot.mp4,FAKE
mvfjeykklz.mp4,FAKE
eavapuimmt.mp4,REAL
vtccwzpgqu.mp4,FAKE
zwepgxaiyn.mp4,FAKE
wslsgytaav.mp4,FAKE
vfkopjopor.mp4,FAKE
fhuhlfnzoj.mp4,FAKE
whlvxqqeob.mp4,FAKE
tibuazsrhs.mp4,FAKE
pwuidwlspg.mp4,FAKE
sevycddsdk.mp4,FAKE
jcerzhbwdy.mp4,FAKE
dhllwvavwx.mp4,FAKE
emarvplekl.mp4,FAKE
ycfwoyprch.mp4,FAKE
chjhbsexls.mp4,REAL
asrcllzyav.mp4,FAKE
yaivzmwaiu.mp4,REAL
oasexvmonv.mp4,FAKE
kazdviolwl.mp4,FAKE
wggseropki.mp4,FAKE
torlpqwpfj.mp4,FAKE
hneuizgmgb.mp4,FAKE
ixkentujcx.mp4,REAL
qhnbbcdbev.mp4,FAKE
neevdicqvp.mp4,FAKE
cyqefzwdah.mp4,FAKE
pwyourazpb.mp4,FAKE
ncyaawguhc.mp4,FAKE
tjnsflfqfs.mp4,REAL
biccegbekb.mp4,FAKE
urtkxkzqot.mp4,FAKE
skgiwmlmou.mp4,FAKE
qsjtbgrfyw.mp4,FAKE
xwkuyuvpns.mp4,FAKE
dftlkexgak.mp4,FAKE
jarxjojthr.mp4,FAKE
pzlnfgsbnx.mp4,FAKE
wuxjibilxd.mp4,FAKE
ctyczggqkf.mp4,FAKE
cgwdrfwtyz.mp4,FAKE
gdcypjiwbo.mp4,FAKE
kfolefcbce.mp4,REAL
pzlqlbruyf.mp4,FAKE
zunrjechxr.mp4,FAKE
eooubrhmjb.mp4,FAKE
krxaboisrq.mp4,FAKE
fvzbredojh.mp4,FAKE
qnhtcwjooa.mp4,FAKE
coikhtewmt.mp4,FAKE
fqzdfduvlp.mp4,FAKE
vbxtjqksqc.mp4,FAKE
raiszpydud.mp4,FAKE
pibboacpjn.mp4,FAKE
pgeuwajhnv.mp4,REAL
edkdrisuig.mp4,FAKE
taebaxrfvh.mp4,FAKE
hrmnmrfgsx.mp4,FAKE
dvthcyqrco.mp4,FAKE
gogiqvfoag.mp4,FAKE
pucdgmijoz.mp4,REAL
uixmggnprp.mp4,REAL
ilmqhapntw.mp4,FAKE
aqmwurythp.mp4,FAKE
obvbmbynuy.mp4,REAL
bjltstxtml.mp4,FAKE
weuqiknfgg.mp4,FAKE
thqdktvfeh.mp4,FAKE
knyxzfrtry.mp4,FAKE
yakhnpkaim.mp4,FAKE
uyccyxegnj.mp4,FAKE
dyiulogsqs.mp4,FAKE
mkcbcklvdf.mp4,FAKE
inxsfqysmb.mp4,FAKE
qybjhljexi.mp4,REAL
eegrkbmpqw.mp4,REAL
ghzsvoqrqo.mp4,FAKE
fvoramuyla.mp4,FAKE
wlowshczkt.mp4,FAKE
