qgqsgtekwl.mp4,FAKE
bahpguunin.mp4,FAKE
qekttcqtpm.mp4,FAKE
zxuqoykuqj.mp4,FAKE
ztfjilznzu.mp4,REAL
sqqgqnolwf.mp4,FAKE
govqfsszza.mp4,FAKE
jyfpqernil.mp4,FAKE
lsqvfhilcy.mp4,FAKE
udxxviwfkw.mp4,FAKE
unbvktbhsi.mp4,FAKE
ldirrcafbx.mp4,FAKE
hxaggobmxu.mp4,FAKE
iucopuupvn.mp4,FAKE
ixayucyyzl.mp4,FAKE
twijqqackk.mp4,FAKE
dblppjxdvi.mp4,FAKE
jwuvyyuizf.mp4,FAKE
kgvtpnauwc.mp4,FAKE
gdhjptskze.mp4,FAKE
ffahlazvmr.mp4,FAKE
uvqirjmnxe.mp4,FAKE
xfrfdspnox.mp4,REAL
fqzdfduvlp.mp4,FAKE
itsamkzzry.mp4,FAKE
adgbonsihj.mp4,FAKE
ypvxmggbtj.mp4,FAKE
wrftxkepuq.mp4,FAKE
ecispyzqqy.mp4,FAKE
oldaipeaqt.mp4,FAKE
srdbiykeja.mp4,FAKE
cktffqfrwn.mp4,FAKE
iqhhmhmfjd.mp4,FAKE
qifhccqwpi.mp4,REAL
pdwsngffox.mp4,FAKE
tmzwscbfnt.mp4,FAKE
svmtnvbrgr.mp4,FAKE
torlpqwpfj.mp4,FAKE
umpjfhpcxa.mp4,FAKE
jrzhapjcjs.mp4,FAKE
culbrdouta.mp4,FAKE
yaofzzcesn.mp4,FAKE
llowzxnmag.mp4,FAKE
rmpwnnxmye.mp4,REAL
cffiamlmxj.mp4,FAKE
tofgobjkgv.mp4,FAKE
pobxpwxqex.mp4,FAKE
ehqdmysloe.mp4,FAKE
jtairnyezr.mp4,FAKE
rmhfzfoqrh.mp4,FAKE
fyrirkmosq.mp4,FAKE
yfxsxyakan.mp4,FAKE
zkirsrrnos.mp4,FAKE
twfgybpbfc.mp4,FAKE
zvrtpnrvth.mp4,FAKE
opqecssgfd.mp4,FAKE
quhztsndpr.mp4,FAKE
kojpmryjau.mp4,FAKE
rkasxaljmj.mp4,FAKE
pphwgkzdts.mp4,FAKE
nvcqtijkbm.mp4,FAKE
usuenlcdcd.mp4,FAKE
ftrqdvnqxn.mp4,FAKE
rjmquskzfy.mp4,FAKE
quyqeotcqm.mp4,FAKE
sdufiuyimi.mp4,FAKE
rspsjttbpq.mp4,FAKE
mrxuhhgozz.mp4,FAKE
whapuyfwuo.mp4,FAKE
ltnukcazoy.mp4,FAKE
tkofwngclr.mp4,REAL
jcayovyzfd.mp4,FAKE
dkwylvczij.mp4,FAKE
qtgacuszan.mp4,REAL
xbvhubqzlq.mp4,FAKE
ngfprnzwwn.mp4,FAKE
wgtjwbnaui.mp4,FAKE
zbfnyiowbv.mp4,REAL
bhjqmlqvch.mp4,FAKE
zwczgexljf.mp4,FAKE
olyyzxuogv.mp4,FAKE
mclysxctwi.mp4,FAKE
vryjwtzaus.mp4,FAKE
zqmegsnppa.mp4,FAKE
proelltjgn.mp4,FAKE
fixdxyvzkx.mp4,FAKE
qzpdkijcgy.mp4,FAKE
flmkaifcqm.mp4,FAKE
mwowglxcyx.mp4,FAKE
lpusajiuqr.mp4,FAKE
csrabfvevi.mp4,FAKE
eriwsrvpmv.mp4,FAKE
qtljjtavrz.mp4,FAKE
eqzbptsabh.mp4,FAKE
eygocervrz.mp4,FAKE
vzlnetywmn.mp4,FAKE
yujxfujhax.mp4,FAKE
qqwoqhvamz.mp4,FAKE
ifnlytasas.mp4,REAL
cbycmesndu.mp4,FAKE
txmswkzxhz.mp4,FAKE
nttkjjshnb.mp4,FAKE
xjhonbnslc.mp4,FAKE
vfkopjopor.mp4,FAKE
iujnlpzwuq.mp4,FAKE
uvvjswjozo.mp4,FAKE
rdfpsyryss.mp4,FAKE
malanowrhk.mp4,FAKE
ufmuhoaetg.mp4,FAKE
aevavjcuqq.mp4,FAKE
lrdfvvoqqv.mp4,FAKE
arokxduvue.mp4,FAKE
jmaogvrnrf.mp4,FAKE
udrnceyomx.mp4,FAKE
mllyttwsjh.mp4,FAKE
zmlgooxogx.mp4,FAKE
jalnhtrofg.mp4,FAKE
bgmzzxkwdz.mp4,REAL
qppnwoodzt.mp4,REAL
wvhxtfpjym.mp4,FAKE
wijivnlimz.mp4,FAKE
mivgqaekuc.mp4,FAKE
rddffwfkeu.mp4,FAKE
wscjhgdwta.mp4,FAKE
ihobqbaibc.mp4,FAKE
exnouagpnh.mp4,FAKE
exoijhzndo.mp4,FAKE
vzaaiyqhaa.mp4,FAKE
ndorvjinqx.mp4,FAKE
cgwdrfwtyz.mp4,FAKE
telsdablyu.mp4,FAKE
vrlqdxnayj.mp4,FAKE
nntxawutik.mp4,FAKE
hyplsbyobm.mp4,FAKE
rruvnirdoo.mp4,FAKE
ngjalyvqst.mp4,FAKE
muuuxszgfl.mp4,FAKE
szngyomziu.mp4,FAKE
ilmssrcmcm.mp4,REAL
iwqgkmzzun.mp4,FAKE
fvjgyvowtw.mp4,FAKE
qzfgbrcgnz.mp4,FAKE
hbxeabadwd.mp4,FAKE
wwfqrtuitk.mp4,FAKE
ecqjxsqqss.mp4,FAKE
cxpcimyhpr.mp4,FAKE
umfquxkalu.mp4,FAKE
lshioelzvz.mp4,FAKE
kcilnbsztf.mp4,FAKE
huzmagmeaq.mp4,FAKE
eanriatjbj.mp4,FAKE
bgtvaxxqom.mp4,FAKE
wdfdvsazip.mp4,FAKE
wokqgsrbrb.mp4,FAKE
mhfnqpxelw.mp4,FAKE
heesnutqtm.mp4,FAKE
gllocjtngh.mp4,FAKE
yxpujepkub.mp4,FAKE
avjoadrpkd.mp4,FAKE
xnjklxduwc.mp4,FAKE
vinvomtdwr.mp4,FAKE
wgwtcbcnze.mp4,FAKE
vdnfwpwpbx.mp4,FAKE
zahxipjtzc.mp4,FAKE
kpqwzjkytx.mp4,FAKE
pdhxnndbbt.mp4,FAKE
eookpnqhvf.mp4,FAKE
vzpjiizwuh.mp4,FAKE
hkoxvelxxh.mp4,REAL
aepnnpkscx.mp4,FAKE
lbwtduqqth.mp4,FAKE
loaajymwvm.mp4,FAKE
zvvcbnvxgb.mp4,FAKE
zuclwrauhh.mp4,FAKE
wqliycxgmf.mp4,FAKE
hwgiyjqlmw.mp4,FAKE
hhzrcenmhf.mp4,FAKE
zgzvbmimiq.mp4,FAKE
mbpzizgfwb.mp4,FAKE
yetmcgjpnp.mp4,FAKE
lnfgnieebi.mp4,FAKE
oldicbeuaa.mp4,FAKE
qqdjtkcbps.mp4,FAKE
bpydczlvql.mp4,FAKE
aqmwurythp.mp4,FAKE
wdfaepjpmv.mp4,REAL
nwntwdnqch.mp4,FAKE
hnrnvcrrof.mp4,FAKE
rakpnlyqeb.mp4,FAKE
edtkmpkjnh.mp4,FAKE
cfpmhnphqc.mp4,FAKE
onygmnjhph.mp4,REAL
kmdxguxguc.mp4,FAKE
rauyrxosyg.mp4,FAKE
iqbxvhzmim.mp4,FAKE
uowafcidmo.mp4,FAKE
gzvkcocqqq.mp4,FAKE
zbpuyzshmb.mp4,FAKE
mwwloqsskl.mp4,FAKE
szjxiaikvr.mp4,FAKE
dyjosvrgxy.mp4,FAKE
kiwauyqykt.mp4,FAKE
gzbfzvyoqj.mp4,FAKE
cjaulsvavp.mp4,FAKE
mkbuwdmrgg.mp4,FAKE
kfpnunsimt.mp4,FAKE
nydmgquwov.mp4,FAKE
uixmggnprp.mp4,REAL
tvhotrqmlt.mp4,FAKE
ynpaetoemt.mp4,FAKE
izswtrtsma.mp4,FAKE
tsxuijektx.mp4,FAKE
abzelcbnya.mp4,FAKE
hvbnkquhzl.mp4,FAKE
dxjhcwurnv.mp4,FAKE
mynsawrfjy.mp4,FAKE
swwcnysfmk.mp4,FAKE
lskdixeqat.mp4,FAKE
llhrspaijp.mp4,FAKE
kcrvcexazv.mp4,FAKE
dmiiejxcjt.mp4,FAKE
qtwtiaihsq.mp4,FAKE
lhbppxooqt.mp4,FAKE
cqezovtiya.mp4,FAKE
kivrmvxuqz.mp4,FAKE
jfmqjuqapd.mp4,FAKE
xobvooztra.mp4,FAKE
wrylymfgvz.mp4,FAKE
tiusgaoruc.mp4,FAKE
iohuzwvefi.mp4,REAL
bebnleywrr.mp4,FAKE
ejjqgpvjme.mp4,REAL
kigykhiiwl.mp4,FAKE
faypwmtdre.mp4,FAKE
iosdqvewkt.mp4,FAKE
ovuubdstvc.mp4,FAKE
kacpwvfkmq.mp4,FAKE
mckiotlqwx.mp4,FAKE
quwnrbjhsx.mp4,FAKE
ukholynptx.mp4,FAKE
ppssbxijvn.mp4,FAKE
sbyjgxrqgf.mp4,FAKE
arqemexeyx.mp4,REAL
dfvrytdmoe.mp4,FAKE
zqwzlnrofa.mp4,REAL
fnzozvyxsq.mp4,REAL
ycbekhneij.mp4,FAKE
sdrhpnronp.mp4,REAL
jphyzgenfe.mp4,FAKE
rullulnzec.mp4,FAKE
chraacdwpc.mp4,FAKE
vgyftxulpj.mp4,FAKE
cvgfzoyatn.mp4,FAKE
hweedlhhgu.mp4,FAKE
vtajmvjasj.mp4,FAKE
yyoxuakkcb.mp4,FAKE
ujcmgohscl.mp4,FAKE
vwjieoenck.mp4,FAKE
josdikixtm.mp4,FAKE
knzmwugfab.mp4,FAKE
nutnilxlfo.mp4,FAKE
wqxnzouaar.mp4,FAKE
umsjbpjqjx.mp4,REAL
bvwksxjqtz.mp4,FAKE
monpghgyjw.mp4,FAKE
lfljtvgdoh.mp4,FAKE
lyzashzagd.mp4,FAKE
vreyfjnixd.mp4,FAKE
bsnrcykrki.mp4,REAL
fjgxnqduai.mp4,FAKE
emarvplekl.mp4,FAKE
yreslhphmf.mp4,FAKE
joumiubwat.mp4,FAKE
lcdwxnbwvj.mp4,FAKE
kwwopsvlkq.mp4,FAKE
jheknxtwzo.mp4,FAKE
ezwgqwfpyb.mp4,FAKE
vqywmxftdc.mp4,FAKE
ovgvuyqrik.mp4,FAKE
dxhdxabssc.mp4,FAKE
wqtmsiyfin.mp4,FAKE
qykuagqkjz.mp4,FAKE
eldukoggsh.mp4,FAKE
wdhqxcuysv.mp4,FAKE
fjfchiabde.mp4,FAKE
ndqwevrpnb.mp4,FAKE
elvvtvpllm.mp4,FAKE
mbiycqvdxh.mp4,FAKE
ckkkrkbowi.mp4,FAKE
jefweckgnl.mp4,FAKE
dcnkbfkwzp.mp4,FAKE
rcrupvuxdf.mp4,FAKE
dbnrsbcrvk.mp4,FAKE
gianjluesv.mp4,FAKE
gknjpknzce.mp4,FAKE
cnspvaxxfr.mp4,FAKE
afbpbhunsi.mp4,FAKE
zivoqdobmh.mp4,FAKE
oasexvmonv.mp4,FAKE
ilsiaqqane.mp4,FAKE
njyeutrdhi.mp4,FAKE
hfdpfdymne.mp4,FAKE
rdncyjhnru.mp4,FAKE
symtdzxjcn.mp4,FAKE
cinzmdxhvb.mp4,FAKE
qigvuxrdhd.mp4,FAKE
nxbysllaap.mp4,FAKE
jhehlerhmd.mp4,FAKE
vofnjqymjs.mp4,FAKE
rvzfiizxln.mp4,FAKE
cogkntngde.mp4,FAKE
llzdduhmht.mp4,FAKE
wydgcgjzds.mp4,FAKE
ndyyewuntx.mp4,FAKE
pmeruokgei.mp4,FAKE
eqafrizkve.mp4,FAKE
iafpwuoyjq.mp4,FAKE
pksawhjoar.mp4,FAKE
wynctqwpjm.mp4,FAKE
xmlrmnyygp.mp4,FAKE
dhhaporerz.mp4,FAKE
tjhmyeukma.mp4,FAKE
ngjgqjxfyq.mp4,FAKE
zrlqndyrtn.mp4,FAKE
wygtsppbqt.mp4,FAKE
ldsvwroaru.mp4,FAKE
gorgcirpdd.mp4,FAKE
sntkppjpgm.mp4,FAKE
uyfowwaqck.mp4,FAKE
orzysslzoc.mp4,FAKE
rvhbdgubzp.mp4,FAKE
itsvcpfjwk.mp4,FAKE
bqjekhchdu.mp4,FAKE
jecucaanpp.mp4,FAKE
kegfwspupv.mp4,FAKE
musfgemnqi.mp4,FAKE
tzyjdrfjtd.mp4,FAKE
caatzjujmz.mp4,FAKE
iwixgytgkz.mp4,FAKE
fvhqajmsbe.mp4,FAKE
naforhmjjz.mp4,FAKE
souicmefpc.mp4,FAKE
aruwupqwsc.mp4,FAKE
lkpylgwtye.mp4,FAKE
mhpgyqlaad.mp4,REAL
msvwjzxxfe.mp4,FAKE
waofmzjaei.mp4,FAKE
gykodvavds.mp4,FAKE
kzzewzibdu.mp4,FAKE
hubtebvzdp.mp4,FAKE
cjmkgrsply.mp4,FAKE
dwfmboanbv.mp4,FAKE
krnisjmwns.mp4,FAKE
ivfzkvqnkf.mp4,FAKE
yosddukuyy.mp4,FAKE
uvykwkdbbe.mp4,FAKE
xrbevgovxw.mp4,FAKE
qgafzmudde.mp4,FAKE
fmguyggvxv.mp4,FAKE
xlllrhropy.mp4,FAKE
infejzfghd.mp4,FAKE
dvwhlcpaem.mp4,FAKE
wrprsamguk.mp4,FAKE
lxblqcxvee.mp4,FAKE
vztcxttmjh.mp4,FAKE
ccgbfmogzq.mp4,FAKE
otnavkjzor.mp4,FAKE
jubcvtyanz.mp4,FAKE
rgjeclushz.mp4,FAKE
hafdykqojm.mp4,FAKE
pjakuvwipq.mp4,FAKE
mdqggpofpr.mp4,FAKE
okmqucjlso.mp4,REAL
zwstozefkz.mp4,FAKE
gwnxqtenem.mp4,FAKE
btcrnbwagj.mp4,FAKE
gszkkhehvi.mp4,FAKE
uyicbgrtkh.mp4,FAKE
uvwqakhkxi.mp4,FAKE
bdzzjqqekr.mp4,FAKE
qkmbpxojvo.mp4,FAKE
snhnuwzwms.mp4,FAKE
doejawfgnh.mp4,FAKE
oytoyafuml.mp4,FAKE
ynubvckkhw.mp4,FAKE
yrxxdadzac.mp4,FAKE
erlhaegtba.mp4,FAKE
npcsgvejxh.mp4,FAKE
ljvrfvssno.mp4,FAKE
ciiysyltft.mp4,FAKE
zesnphumru.mp4,REAL
ytcfrfpohz.mp4,FAKE
equhphjiwi.mp4,FAKE
wrpigfecoi.mp4,FAKE
ekkileqfsd.mp4,FAKE
nsqgovyzeb.mp4,FAKE
gbnorhivne.mp4,FAKE
mnmxhznbjv.mp4,FAKE
ispgaapbpn.mp4,REAL
eefolqhehe.mp4,FAKE
lqrbopoqso.mp4,FAKE
cqpyzqtnqt.mp4,FAKE
bjevfmiohj.mp4,FAKE
htqmwqohyq.mp4,FAKE
lylmnzidni.mp4,FAKE
faslgdifiu.mp4,REAL
dicvhmhhkg.mp4,FAKE
ulmydxkimr.mp4,FAKE
vxlqkjtyuk.mp4,FAKE
qgkqxjgjcj.mp4,FAKE
oyxcukjayh.mp4,FAKE
cfuhpgulbg.mp4,FAKE
zmlmareozd.mp4,FAKE
amgdymqkkk.mp4,FAKE
jvksqlpuae.mp4,FAKE
rstxllpnab.mp4,FAKE
istuybqeyj.mp4,FAKE
xqhlqhuwtc.mp4,FAKE
jvyzfqklxl.mp4,FAKE
zfalofgncr.mp4,FAKE
zfrwxjhifa.mp4,FAKE
tsdhmlgsfw.mp4,FAKE
lixldshqhu.mp4,FAKE
tztvmnllop.mp4,REAL
wrchxdcjdl.mp4,FAKE
dyrsrqsspu.mp4,FAKE
kthmdwlcid.mp4,FAKE
pppeebxoxb.mp4,FAKE
hyetubeika.mp4,FAKE
izkahexkec.mp4,FAKE
jcljktilez.mp4,FAKE
ftyxisyzxr.mp4,FAKE
brfjxrbezo.mp4,REAL
uhjdylxche.mp4,FAKE
hnlxdctrny.mp4,FAKE
vaczbzyhgi.mp4,FAKE
ghphekvkbz.mp4,FAKE
ptocqdufns.mp4,FAKE
vderwgzgdx.mp4,FAKE
zkraugbwcs.mp4,FAKE
lzwgaarglg.mp4,FAKE
zprvttgzvz.mp4,FAKE
eqzbjcldzm.mp4,FAKE
wtdpjzybmb.mp4,FAKE
tyfsqzssvt.mp4,FAKE
tiknlybyey.mp4,FAKE
vfbnamtpdk.mp4,FAKE
vfumwyxiyh.mp4,FAKE
qleiwjmtuq.mp4,FAKE
xecgqkezbe.mp4,FAKE
reoafpgwdq.mp4,FAKE
clbvlczmey.mp4,FAKE
kfbuactypx.mp4,FAKE
aapqbyzjws.mp4,FAKE
gzxcjotndi.mp4,FAKE
czmjdcggyj.mp4,FAKE
qalidvxrjo.mp4,REAL
rqdvuqnlnc.mp4,FAKE
wcesrrufye.mp4,FAKE
irtrgajtwq.mp4,FAKE
llcwtfhmjd.mp4,FAKE
mpqqeckhvo.mp4,FAKE
nvkalwiywu.mp4,REAL
vanndppkap.mp4,FAKE
evjwbpbubo.mp4,FAKE
lgvylkvmdb.mp4,FAKE
wajeimazic.mp4,FAKE
tlwidysfxg.mp4,FAKE
roznidpfxz.mp4,FAKE
tplknrvvcg.mp4,FAKE
ygefiytago.mp4,FAKE
rtwipuesde.mp4,FAKE
ykjunwlspi.mp4,FAKE
hsbijaigkz.mp4,FAKE
vuwzxvxmdu.mp4,FAKE
lvipnebaps.mp4,FAKE
bwqklxwhbd.mp4,FAKE
voradwdsxz.mp4,FAKE
qtdhmczvvt.mp4,FAKE
jlfoxayiao.mp4,FAKE
kbnjrdxovx.mp4,FAKE
gimlsvemvh.mp4,FAKE
fvuwtdqdpe.mp4,FAKE
ujjulfkdis.mp4,FAKE
wzkhjmezcs.mp4,REAL
xmutsluwxc.mp4,FAKE
bctcynauwa.mp4,FAKE
aqdkgdinvb.mp4,FAKE
prkiqmcwhy.mp4,REAL
tymjllbiif.mp4,FAKE
yhevztnbuk.mp4,FAKE
ykkdulddle.mp4,FAKE
dbinjrmthj.mp4,FAKE
ctfkxfffzx.mp4,FAKE
qtgxgrytqy.mp4,FAKE
dunvnvhbat.mp4,FAKE
ukwbmryplw.mp4,FAKE
fhefrzdhpj.mp4,FAKE
psfhnebcxe.mp4,FAKE
rxrtxejcpg.mp4,FAKE
fkeccxaeit.mp4,FAKE
bglhztchfd.mp4,FAKE
dahofvxbbz.mp4,FAKE
jrzphugdyd.mp4,FAKE
xrpbhqdxvq.mp4,FAKE
htswfrgtdb.mp4,FAKE
mbgbxqvxfl.mp4,FAKE
zctwfbqpyt.mp4,FAKE
skgiwmlmou.mp4,FAKE
ejqrxvtucr.mp4,FAKE
lzzlgtbvmx.mp4,FAKE
qyqktxkytc.mp4,FAKE
grmizxkvuo.mp4,FAKE
gogiqvfoag.mp4,FAKE
nnjdyqcklv.mp4,FAKE
aempoxlxod.mp4,FAKE
mqdiuiaqff.mp4,REAL
gjlwmegnzg.mp4,FAKE
olrulxguui.mp4,REAL
naumeulvyt.mp4,FAKE
yzockhlrnu.mp4,FAKE
wyasimswwe.mp4,FAKE
qxgfeiotrx.mp4,FAKE
hsdmktfzqx.mp4,FAKE
naaqxncjpz.mp4,FAKE
gpamavvtlc.mp4,FAKE
hyliepneal.mp4,FAKE
fomhmpfeki.mp4,FAKE
rivbpgbqcm.mp4,REAL
nphuxjfxfk.mp4,FAKE
gcpxhxtepn.mp4,REAL
pqjmokcmcp.mp4,FAKE
dflswfhkwq.mp4,FAKE
kbklfuwgjb.mp4,FAKE
rddzwabube.mp4,FAKE
xanlgfevqn.mp4,FAKE
zjhmmibena.mp4,REAL
syrjqbojxo.mp4,FAKE
kfdfoyueqc.mp4,FAKE
dwevzywdea.mp4,FAKE
dmqzbafcfn.mp4,FAKE
cjgdqgwdzs.mp4,FAKE
blruhiftcw.mp4,FAKE
fpeadurrwp.mp4,FAKE
azmwqsoiyv.mp4,FAKE
nixtuusgmn.mp4,FAKE
pwspmvzdmn.mp4,FAKE
dsyyxhywiy.mp4,FAKE
nsgeidtrzj.mp4,FAKE
gjsegbhdyf.mp4,FAKE
dcxrxffknw.mp4,FAKE
usmkpzrmdu.mp4,FAKE
eojlafatzp.mp4,FAKE
jqjuptdlbr.mp4,FAKE
rmwtewxaur.mp4,FAKE
ansipdckmu.mp4,FAKE
gscodekatw.mp4,FAKE
ugvnbpkqie.mp4,FAKE
ffazxjhwuu.mp4,FAKE
xfsvfaocfd.mp4,FAKE
dwftqyotqh.mp4,FAKE
lmttuiemgy.mp4,FAKE
nfoqyaryyn.mp4,FAKE
oympxjlwci.mp4,FAKE
sailbngdsk.mp4,FAKE
aekvkkmfqi.mp4,FAKE
micvjzsayv.mp4,FAKE
nwqgbbwywe.mp4,FAKE
rilypvmlnp.mp4,FAKE
fawmsvelfp.mp4,FAKE
ubfrqinwri.mp4,FAKE
jdmjkmtgkt.mp4,FAKE
nvdydexbln.mp4,FAKE
kkvktewfvj.mp4,FAKE
fpsiscyfyw.mp4,FAKE
mxcxxyesby.mp4,FAKE
jbbysdmnwr.mp4,FAKE
gqqngalilz.mp4,FAKE
yatfokptmg.mp4,FAKE
dftlgtbhag.mp4,FAKE
mqifnsxndt.mp4,FAKE
jraodnkhkw.mp4,FAKE
yvzlvphjyt.mp4,REAL
upjpywzofs.mp4,FAKE
uflxvlverf.mp4,FAKE
yfzxgshdqe.mp4,FAKE
wprscsysul.mp4,FAKE
smjvboszkd.mp4,FAKE
cduirlfffk.mp4,FAKE
xgxvkedjhr.mp4,FAKE
xvrabiupoy.mp4,REAL
udgrldcppn.mp4,FAKE
sqzyucpnva.mp4,FAKE
edcmihwqte.mp4,FAKE
jttpgvrqep.mp4,FAKE
mtecfllphy.mp4,REAL
bpzwkisxdq.mp4,FAKE
fzwqilbejm.mp4,FAKE
qbpeldzoli.mp4,FAKE
aibiskwzkj.mp4,FAKE
bmrvbaqddk.mp4,FAKE
tukxjvjyxx.mp4,FAKE
lbaqvldubx.mp4,FAKE
ixulbtzucv.mp4,FAKE
qahgyczoze.mp4,FAKE
yyhexmlgyi.mp4,REAL
vfnqzmmxkl.mp4,FAKE
hnywpozkhx.mp4,FAKE
fgkdqdbhvs.mp4,FAKE
jhwlpyoxnk.mp4,FAKE
luavgmsemj.mp4,FAKE
fvoramuyla.mp4,FAKE
jjmamjucww.mp4,FAKE
qgfusfbufk.mp4,FAKE
ehkfhndcxe.mp4,FAKE
kdnopngcya.mp4,FAKE
lvlhczjedz.mp4,FAKE
rqhqxjvnib.mp4,FAKE
viklaxjryk.mp4,FAKE
liofxthbkk.mp4,FAKE
ienmumzvce.mp4,FAKE
xkltttyeop.mp4,FAKE
aksopgeldv.mp4,FAKE
natxstfuem.mp4,FAKE
awnwneljqx.mp4,FAKE
svobeufkzl.mp4,FAKE
frczmdfzza.mp4,REAL
huowsesgyq.mp4,REAL
idgfprlyln.mp4,FAKE
nmxzjhnuap.mp4,FAKE
kidyoyklcg.mp4,FAKE
rptpaznupo.mp4,FAKE
acwsfbvhdr.mp4,FAKE
txjbxfpihu.mp4,FAKE
fxghgkfaut.mp4,FAKE
jrzsengxux.mp4,REAL
ltrzwdqqhk.mp4,FAKE
kqpabgbbcp.mp4,FAKE
ahptnosmvj.mp4,FAKE
blfzhuobde.mp4,FAKE
wcgdutgbfz.mp4,FAKE
oimivjeigb.mp4,REAL
zlsyvupxyk.mp4,FAKE
rzybzgqijd.mp4,FAKE
uixdqqiyiz.mp4,FAKE
pwseejrfof.mp4,FAKE
ipblyaohlp.mp4,FAKE
jqajhrcgwo.mp4,FAKE
nazfnkguwf.mp4,FAKE
hwocmokpis.mp4,FAKE
mlfvzcejpj.mp4,FAKE
hzhlyfzngf.mp4,FAKE
jawulqeyzr.mp4,FAKE
iqrgwnfkga.mp4,FAKE
cskhcvqucf.mp4,FAKE
vgjlvgostr.mp4,FAKE
hsnxxqwooq.mp4,FAKE
xffjagiwxy.mp4,FAKE
jwgajaydgv.mp4,REAL
duagkimymq.mp4,FAKE
ktaailvunq.mp4,FAKE
baxhgxfwcm.mp4,FAKE
zpnpdavqsa.mp4,FAKE
xwhxqkqezg.mp4,FAKE
vnzfjmxalx.mp4,FAKE
uwfyzjdrif.mp4,FAKE
brieynzztz.mp4,FAKE
idubfbiavu.mp4,FAKE
iprvpwboni.mp4,FAKE
spxpspfcwr.mp4,FAKE
vqbyxeiuzk.mp4,FAKE
vtccwzpgqu.mp4,FAKE
hszyfhrdex.mp4,FAKE
cjsfppvdok.mp4,FAKE
vzmvymcuud.mp4,FAKE
ztutsnlhtr.mp4,REAL
zhmllgwhjm.mp4,FAKE
entpculrml.mp4,FAKE
oxkkzmshir.mp4,FAKE
sigxwqulio.mp4,FAKE
wamxhetipp.mp4,FAKE
mrfwmdqxqp.mp4,FAKE
neevdicqvp.mp4,FAKE
gluqpszsgi.mp4,FAKE
guxwanumvz.mp4,FAKE
ywaqmbqlol.mp4,FAKE
haylwukukd.mp4,FAKE
sebbuhkgie.mp4,FAKE
uhgbucmqnc.mp4,FAKE
pmiantsstv.mp4,FAKE
ydgwtxaand.mp4,FAKE
wpfwsiyptg.mp4,FAKE
pxbfexoxkk.mp4,FAKE
phkpguovju.mp4,REAL
erlfvbahxg.mp4,FAKE
edvooqzakj.mp4,FAKE
vvbwnfebrm.mp4,FAKE
xurntpvfma.mp4,FAKE
sbotucwqdc.mp4,FAKE
cbnbjuhfmo.mp4,FAKE
pnnvhrfrnp.mp4,FAKE
oriiwwgrck.mp4,FAKE
yhqrbiffba.mp4,FAKE
pzbxyooyeq.mp4,FAKE
qqibjuelja.mp4,FAKE
kfviyuzifl.mp4,FAKE
kbpqlezqeh.mp4,FAKE
jwbsjpudpl.mp4,FAKE
odbpvacjym.mp4,FAKE
glhlmbhwbl.mp4,FAKE
kyfyndhsvm.mp4,FAKE
mdtoybdkpk.mp4,FAKE
mbzdiuofuc.mp4,FAKE
dcujufwtaa.mp4,FAKE
cxrmbappkf.mp4,FAKE
fexsdiriwq.mp4,FAKE
rwpdgxavbq.mp4,FAKE
owiclrvobm.mp4,FAKE
bmlovaheks.mp4,FAKE
nwmqxljeuf.mp4,FAKE
dhbwcahdsw.mp4,FAKE
kjxygflezk.mp4,FAKE
vmalpcczmq.mp4,FAKE
xrakuvthyr.mp4,FAKE
zbyqxeooii.mp4,FAKE
lulnvagyst.mp4,FAKE
feazhvejib.mp4,FAKE
cssuukpkgx.mp4,FAKE
ikjvjeyova.mp4,FAKE
moftjdwdps.mp4,FAKE
tmjdjamlkq.mp4,FAKE
jlciqrwohp.mp4,FAKE
xakgymasfr.mp4,FAKE
xcbckitcgh.mp4,FAKE
waupladggx.mp4,FAKE
hybjzdrttb.mp4,FAKE
elipbhkriy.mp4,FAKE
iolnrlkuou.mp4,FAKE
hzorbwpaey.mp4,FAKE
pjivtmbgel.mp4,FAKE
pdoifsuglx.mp4,FAKE
qknomlsfbq.mp4,FAKE
dgpljbxkcx.mp4,FAKE
djvriiujey.mp4,FAKE
kiomgwmpkr.mp4,FAKE
kmrzrpgrje.mp4,FAKE
osvztqvsvv.mp4,FAKE
ftkxdmaemk.mp4,FAKE
vgksgivitz.mp4,FAKE
pstqbmtlri.mp4,FAKE
cquynbyczd.mp4,FAKE
odnrxtcxjj.mp4,FAKE
gznmonxiom.mp4,FAKE
mcrhgksove.mp4,REAL
cuexiuoenr.mp4,FAKE
aanfrlpkui.mp4,FAKE
rfeqrvnnme.mp4,FAKE
grzmxmpuiw.mp4,FAKE
kazdviolwl.mp4,FAKE
fkiejjiydk.mp4,FAKE
ezkhhudbyn.mp4,FAKE
elyosecnfp.mp4,FAKE
rmxvptssww.mp4,FAKE
dovdrtvmbx.mp4,REAL
dlpirjuvwi.mp4,FAKE
edkdrisuig.mp4,FAKE
zwghmplokl.mp4,FAKE
usqngjxenw.mp4,FAKE
fdozjrmuve.mp4,FAKE
wannogxtda.mp4,FAKE
icvbhynbui.mp4,FAKE
oaoobzedru.mp4,FAKE
eubpfonvdx.mp4,FAKE
ecxlhoizxw.mp4,FAKE
xjnczgpxwy.mp4,FAKE
ddugdzuqno.mp4,FAKE
qagzbnldcu.mp4,FAKE
blphnebfgt.mp4,FAKE
mbbixqpeau.mp4,FAKE
pxdtilqmlb.mp4,FAKE
mcdyxsesgl.mp4,FAKE
fqsymmbpna.mp4,FAKE
tyckuuocay.mp4,FAKE
fsaemuwjfg.mp4,FAKE
ailyhemgyh.mp4,FAKE
fsfnueduvi.mp4,FAKE
ccyzerjybx.mp4,FAKE
lnqapliwfm.mp4,FAKE
usdspcjqmu.mp4,REAL
eaeulwiese.mp4,FAKE
yqltzypccg.mp4,FAKE
dpncsuyamf.mp4,FAKE
zqadgbbxni.mp4,FAKE
zqriqgfsnb.mp4,FAKE
xqugrvqbgm.mp4,FAKE
kigcwfifyq.mp4,FAKE
fbaowuyagg.mp4,FAKE
elqkrqiruk.mp4,FAKE
obvmlowojq.mp4,FAKE
mbnoftngsb.mp4,FAKE
tkaxufvjgw.mp4,FAKE
ibgqcgwvku.mp4,FAKE
yesfrhdayo.mp4,FAKE
gtnriwuckg.mp4,FAKE
jjpuafddqd.mp4,FAKE
dybftpanwm.mp4,FAKE
gkcqhdxxne.mp4,FAKE
jzbxqjnzoi.mp4,REAL
mjkbdkheto.mp4,FAKE
ndixgditym.mp4,FAKE
gxixautknf.mp4,FAKE
raiszpydud.mp4,FAKE
dbxbvwmpzp.mp4,FAKE
bmahmggjbd.mp4,FAKE
nxnyfbpdvd.mp4,FAKE
xdbqqxsrnz.mp4,FAKE
qttjycrjpk.mp4,REAL
cjiqewimqq.mp4,FAKE
jzegtrfqbn.mp4,REAL
qwlwixugzd.mp4,FAKE
xtdwmoyzvc.mp4,FAKE
tlcvvwohom.mp4,FAKE
wrygwoauva.mp4,FAKE
jtzgjwxifi.mp4,FAKE
osrobbwqsd.mp4,FAKE
exvapekqxv.mp4,FAKE
ondvbgcsyq.mp4,FAKE
dlawwdzkpq.mp4,FAKE
lsonxkurea.mp4,FAKE
eymkppycqq.mp4,FAKE
kyadqymepj.mp4,FAKE
bdgspwardg.mp4,FAKE
yuxjhyneca.mp4,FAKE
nniasjivsj.mp4,FAKE
zragelmdxi.mp4,FAKE
cknnsatjfq.mp4,FAKE
xklkkvztgc.mp4,REAL
tpzgfwqnqd.mp4,FAKE
szvwegdmap.mp4,REAL
qluayjymoh.mp4,FAKE
qvutgirvlk.mp4,FAKE
kvoxvhtglu.mp4,FAKE
fiskmunura.mp4,FAKE
thkrpzsgzw.mp4,FAKE
jpnvuqkdvw.mp4,FAKE
chgrtvydwz.mp4,FAKE
qxramfeoin.mp4,FAKE
sykbwiueyz.mp4,FAKE
bufydtkvxt.mp4,REAL
pyzhngmdxg.mp4,FAKE
dugeewlcoh.mp4,FAKE
pjjgqiondh.mp4,FAKE
valzjgnbcj.mp4,FAKE
hntlvltpwo.mp4,FAKE
dymfianyot.mp4,FAKE
fnxhrwzcmj.mp4,FAKE
jenwovyzez.mp4,FAKE
yjbnfyuuli.mp4,FAKE
wwsviizdcp.mp4,FAKE
yflzmdpkab.mp4,REAL
bxwswwesmk.mp4,FAKE
mctgqamexh.mp4,FAKE
iknjxxdlqm.mp4,FAKE
bgmtdhbzny.mp4,FAKE
efbfhuxssy.mp4,FAKE
kcuzwukqsg.mp4,FAKE
njshbwdkyp.mp4,FAKE
ndmnuoibfz.mp4,FAKE
gchahtbjqd.mp4,FAKE
qckonxvveg.mp4,FAKE
ucfjthhfqr.mp4,FAKE
axtyynoxdk.mp4,FAKE
nygscpfcmc.mp4,FAKE
gfgkkmkmlf.mp4,FAKE
trueahnqya.mp4,FAKE
gemheimuxv.mp4,FAKE
olxmwkypcn.mp4,FAKE
pggklhbzzr.mp4,FAKE
ykulchujxe.mp4,FAKE
bjxetpxoxg.mp4,FAKE
mhouvavsws.mp4,REAL
xmeflrelzc.mp4,FAKE
owujdciifx.mp4,FAKE
tqvoigiion.mp4,FAKE
ptjgutvhoc.mp4,FAKE
aprcmkybrl.mp4,FAKE
fblxrrmshm.mp4,FAKE
kvfvfdbbje.mp4,FAKE
haovxavffj.mp4,FAKE
dmgooiimwk.mp4,FAKE
zlvhsymxaz.mp4,FAKE
uxkupaupvl.mp4,FAKE
urqaihjkol.mp4,REAL
mlmpqzhehi.mp4,FAKE
hrykzjlhva.mp4,FAKE
uuesxzdxol.mp4,FAKE
pvjpcbveym.mp4,FAKE
ttntwrydrg.mp4,FAKE
wboooesvdf.mp4,FAKE
ynpoongamk.mp4,FAKE
szeqeiitnx.mp4,FAKE
oorffeudfg.mp4,FAKE
yipygkgxsa.mp4,FAKE
ztykuuswas.mp4,FAKE
mdmuvxdjzy.mp4,FAKE
wijglmnfim.mp4,FAKE
ysqwcmfsrm.mp4,FAKE
cogcbbxpsn.mp4,FAKE
layowoihdg.mp4,FAKE
gbrlxnzobr.mp4,FAKE
ozdlktjswd.mp4,FAKE
kwarcxdpzb.mp4,FAKE
lyssnzrksj.mp4,FAKE
hgkwddemea.mp4,FAKE
cwhoxcazbc.mp4,FAKE
yvlmobwnic.mp4,FAKE
mizwnmzxvz.mp4,FAKE
bfajqsxjis.mp4,FAKE
gbjsdyfmfa.mp4,FAKE
wyyceiwsmg.mp4,FAKE
hygeirbptu.mp4,FAKE
xsezychbeb.mp4,FAKE
ynmkfhspjo.mp4,FAKE
crbrgeviwa.mp4,FAKE
muohzusixr.mp4,FAKE
tviimcqeub.mp4,FAKE
hwbjpxfjcc.mp4,FAKE
nnjpfzusji.mp4,REAL
sddkqwwckt.mp4,FAKE
ajzpdgtigi.mp4,FAKE
ixubfnlkns.mp4,FAKE
vatmotxgvh.mp4,FAKE
apbidtmyvm.mp4,FAKE
eiksdtapzc.mp4,FAKE
mrhmyxbiuf.mp4,FAKE
vfstwnqdce.mp4,FAKE
nqibajftlx.mp4,FAKE
umdojzbwds.mp4,FAKE
qrrywyhvir.mp4,FAKE
xrexmjcofm.mp4,REAL
ucjsidtzve.mp4,FAKE
erbxczqpfj.mp4,FAKE
ollitendxk.mp4,FAKE
xcvxjqcavz.mp4,FAKE
kkfueigtop.mp4,FAKE
mzukjtldcu.mp4,REAL
whnbgzejdu.mp4,FAKE
uoexhitxcx.mp4,FAKE
ahclqgbbty.mp4,FAKE
lggaanrbpk.mp4,REAL
lohdqjvxea.mp4,REAL
caernzpupa.mp4,FAKE
mldnrqmhfs.mp4,REAL
xrastfpkge.mp4,FAKE
qxcfawhaex.mp4,FAKE
uesxldpvdl.mp4,FAKE
vzillcqktk.mp4,FAKE
suzambwnee.mp4,REAL
jatvfulyhg.mp4,FAKE
gvlbvgcgdy.mp4,FAKE
jtcibopcdr.mp4,FAKE
ghdjdbxsar.mp4,FAKE
gcwuhlegud.mp4,REAL
qvqekhgmvc.mp4,FAKE
tfvaeovnqa.mp4,FAKE
ccjorzzmdo.mp4,FAKE
cfujweharl.mp4,FAKE
wkvizgdpwc.mp4,FAKE
dvthcyqrco.mp4,FAKE
lispjtnprs.mp4,FAKE
vvhbvxinbi.mp4,FAKE
niwmvhbuqc.mp4,FAKE
xkhesepfww.mp4,FAKE
agjbahosfa.mp4,FAKE
twniwdmspv.mp4,FAKE
ndjeeezmax.mp4,FAKE
vladvnyeiv.mp4,FAKE
izarampnzh.mp4,FAKE
swdgvesbou.mp4,FAKE
xpngnapgyx.mp4,FAKE
xgyqgwtrxi.mp4,FAKE
ypsgzbgbaz.mp4,FAKE
apgogdhmzd.mp4,REAL
gytzbdhbww.mp4,FAKE
zlvrvwhasm.mp4,FAKE
wzehklnvjt.mp4,FAKE
mizamkaulc.mp4,FAKE
fpigjwxsjw.mp4,FAKE
ubgwmqxugd.mp4,FAKE
pmworyrbze.mp4,FAKE
lkvxusscdq.mp4,FAKE
fsuuqoiuqk.mp4,FAKE
fycwtfwtdg.mp4,FAKE
umokkjrdmn.mp4,FAKE
koprpzskyb.mp4,FAKE
zcmezmfvvx.mp4,REAL
zihzqhcbtw.mp4,FAKE
pnhpggfiyg.mp4,REAL
nplvbcaujj.mp4,FAKE
quuftbrmtx.mp4,FAKE
hseqckyspj.mp4,FAKE
prgbodzhlt.mp4,FAKE
ptgpefayqs.mp4,FAKE
drkkxpmdaw.mp4,FAKE
bayetfizox.mp4,FAKE
vyskzwemnq.mp4,FAKE
giiunfhqki.mp4,FAKE
gtsyozritx.mp4,FAKE
gmtgqwumjb.mp4,FAKE
tztcxgbols.mp4,FAKE
birhdtntif.mp4,FAKE
kmnboeohyo.mp4,REAL
qtjxsfsjrp.mp4,FAKE
dbeqcrkmlo.mp4,FAKE
xaohmbgdog.mp4,FAKE
jfrkmgldsg.mp4,REAL
ecmeyklynx.mp4,FAKE
jdeekjdfxh.mp4,FAKE
qaihxszzod.mp4,FAKE
crenxvvkwy.mp4,FAKE
jxjahoczxz.mp4,REAL
ksuwunipsc.mp4,FAKE
rmhyayslbg.mp4,FAKE
doxmeuhnpt.mp4,FAKE
vbblpofexr.mp4,FAKE
qzlnablvce.mp4,FAKE
ljscwdnlyk.mp4,FAKE
hpmlabxnio.mp4,FAKE
uwtvwxdlyy.mp4,FAKE
xzxiydqftt.mp4,FAKE
gzukcthgqg.mp4,REAL
cegsvyxjif.mp4,FAKE
vtfxzpmklo.mp4,FAKE
oicrevmtjz.mp4,FAKE
pzlnfgsbnx.mp4,FAKE
xulikllhro.mp4,FAKE
fhaiqjsxxr.mp4,FAKE
uyccyxegnj.mp4,FAKE
cjadoedyhk.mp4,FAKE
rzekdyfhks.mp4,REAL
nxheolhgom.mp4,REAL
urtkxkzqot.mp4,FAKE
rfklwxlaxy.mp4,FAKE
pnmnzzxbjq.mp4,FAKE
csbzqhunqw.mp4,REAL
rtbkkeebvf.mp4,FAKE
utkujzslgl.mp4,FAKE
tuitlooreh.mp4,FAKE
rwlxkctupy.mp4,FAKE
cuhrutgvft.mp4,FAKE
qonihxkeqb.mp4,FAKE
lfqwuoukyb.mp4,REAL
xdctsgjpsp.mp4,FAKE
igtkcmspif.mp4,FAKE
foncmjwcrn.mp4,FAKE
gozguevcji.mp4,FAKE
vywscpqxym.mp4,FAKE
fayxrjrdiy.mp4,FAKE
ukwkfqnmxs.mp4,FAKE
pcucurduis.mp4,REAL
srymsyxwjv.mp4,FAKE
uimynipbzt.mp4,FAKE
qfhqtbavpl.mp4,FAKE
omxcghyend.mp4,FAKE
ejcsfyytxh.mp4,FAKE
nfbazsgnzb.mp4,FAKE
qhlovacjcq.mp4,FAKE
yubkooqbsm.mp4,REAL
drvuffopkp.mp4,FAKE
riuwqjyedm.mp4,REAL
bxdhawuldp.mp4,FAKE
yjvvoxcmue.mp4,FAKE
huzehsqvkj.mp4,FAKE
kwhbmxqpyd.mp4,FAKE
zityyrzshj.mp4,FAKE
jliekxdrtd.mp4,FAKE
dqavjmidxr.mp4,REAL
znkonfcobf.mp4,FAKE
yrtwtsrotm.mp4,FAKE
stgusymtgn.mp4,FAKE
unhhxtyytk.mp4,FAKE
zlcfxbdymt.mp4,REAL
qgsnvozsnr.mp4,FAKE
snwhyjxgrr.mp4,FAKE
inscrqakxp.mp4,FAKE
ilroifbpoq.mp4,FAKE
aureohnlim.mp4,FAKE
tnqbwjkivf.mp4,FAKE
uojmmyhkuw.mp4,FAKE
ybekxpqfdw.mp4,FAKE
yysxcapiqg.mp4,REAL
kustinuqny.mp4,FAKE
asjxofxzbd.mp4,FAKE
gzofefepbu.mp4,FAKE
ksieftrsaz.mp4,FAKE
uibtgrxhzo.mp4,FAKE
uyhkttlaiz.mp4,FAKE
qtzmxpfilk.mp4,FAKE
acfnqjgsgj.mp4,FAKE
xmyitpohoy.mp4,FAKE
sqcjocxvqu.mp4,FAKE
chdbpzgrpy.mp4,REAL
qfpbaywxpi.mp4,FAKE
ammjmqtbdo.mp4,REAL
irnfnmfxtq.mp4,REAL
dosoafcydc.mp4,FAKE
fweukjhlsg.mp4,FAKE
asrcllzyav.mp4,FAKE
vnorfntjyd.mp4,FAKE
ckwjydkaqg.mp4,FAKE
mwzemjwyfu.mp4,FAKE
vrmsbupuix.mp4,REAL
vqeuhuwzoh.mp4,REAL
gsycrgkyew.mp4,FAKE
pnptubzyld.mp4,FAKE
qmpeuuojbz.mp4,FAKE
muehxzehgs.mp4,FAKE
fjihrjusdx.mp4,REAL
tucdskhtcj.mp4,FAKE
rfronnyujq.mp4,FAKE
ygllsykoyz.mp4,FAKE
dkzeuuyydv.mp4,FAKE
wmjfcunvmp.mp4,FAKE
xgzbktepse.mp4,FAKE
dpyxedhwxc.mp4,FAKE
nrtycmqqcg.mp4,REAL
jrpccjhcth.mp4,FAKE
jvdypckvki.mp4,FAKE
tdfieeqwfg.mp4,FAKE
ikckzwmdbr.mp4,FAKE
rwpyvhwmbb.mp4,FAKE
hfjqqibivh.mp4,FAKE
dvaorftkeq.mp4,FAKE
aagpxhuqpp.mp4,FAKE
enjjddkvps.mp4,FAKE
wejwwupaik.mp4,REAL
zweypycsww.mp4,FAKE
aokrlamaci.mp4,REAL
auvfkpejdn.mp4,FAKE
grbtvvjvhz.mp4,REAL
rrwtiskubb.mp4,FAKE
qggzegfwde.mp4,FAKE
vepqerlwrr.mp4,FAKE
efgtkqtbgi.mp4,FAKE
ocazrzdbqs.mp4,FAKE
nruahvthlg.mp4,REAL
zrvcibngmo.mp4,FAKE
iohbhuwztq.mp4,FAKE
jlhjzrjfue.mp4,FAKE
unjkwldybt.mp4,FAKE
xpfukgkumy.mp4,REAL
hswgjnccsw.mp4,FAKE
ydnolptgxi.mp4,FAKE
qirzbmqnww.mp4,REAL
uqzhzxhnwv.mp4,FAKE
fkqkixrhhn.mp4,FAKE
xhynmxmfwq.mp4,FAKE
rpstspiseo.mp4,FAKE
szgxpdvaxx.mp4,FAKE
ixwjksvtxv.mp4,REAL
jiztppgqlc.mp4,FAKE
gljngltwko.mp4,FAKE
gysnrxvhbn.mp4,FAKE
owstcqxrio.mp4,FAKE
slunrufbzp.mp4,FAKE
kyrjcgtdnr.mp4,FAKE
outmykvudw.mp4,REAL
qdonjyzgxn.mp4,FAKE
nvlvsyigrl.mp4,FAKE
mjvgnqftky.mp4,FAKE
jlwshdrqfu.mp4,FAKE
uzoxicwhmy.mp4,FAKE
giuuovfuot.mp4,FAKE
dtcpeyippm.mp4,FAKE
agwcegyvuy.mp4,FAKE
rptgunzuyd.mp4,FAKE
hmqjbxgsne.mp4,FAKE
zkzayncogi.mp4,FAKE
lnlrgrchoc.mp4,FAKE
itjnrsyhwt.mp4,FAKE
kzhgbsnrpv.mp4,FAKE
ahxnjolsip.mp4,FAKE
icdxqthvir.mp4,FAKE
qytdwfhonf.mp4,FAKE
raeipcmnzn.mp4,FAKE
fjafecudrk.mp4,FAKE
sddgmxeomr.mp4,FAKE
fggyeqctuq.mp4,FAKE
clpanbecvs.mp4,FAKE
qhnegrdqcw.mp4,FAKE
rpidhujqgu.mp4,FAKE
dkegmyzfmk.mp4,FAKE
toirfnzurp.mp4,FAKE
ktyzrmlpry.mp4,FAKE
lczxtmerdn.mp4,FAKE
cikhubpqxy.mp4,FAKE
bkrpxyjars.mp4,FAKE
kcaxtdqgxe.mp4,REAL
juyijcudeb.mp4,FAKE
besbeekiaz.mp4,FAKE
wfxxvzswfg.mp4,FAKE
lgaorclzlm.mp4,FAKE
bitwvzgcqt.mp4,FAKE
piobzdcjez.mp4,FAKE
nhggigrlac.mp4,REAL
qgaeqlskxv.mp4,FAKE
uljtgezhbh.mp4,FAKE
tdpnrxkwww.mp4,FAKE
wghdlvehhq.mp4,REAL
exxutccavg.mp4,FAKE
jqahakmukd.mp4,FAKE
rcwwsrusfx.mp4,FAKE
ymugvyxuka.mp4,REAL
annaogdkfj.mp4,FAKE
wbcbyijcpj.mp4,FAKE
ynqrdngnqh.mp4,REAL
puaqyhykdj.mp4,FAKE
dmitzbstzi.mp4,REAL
hdkwxvnwbp.mp4,REAL
mcormsgtoq.mp4,FAKE
nwndlagvxh.mp4,REAL
vseinenudj.mp4,FAKE
kstwqhttcr.mp4,FAKE
gqonjnqkqs.mp4,REAL
yyagfjrogm.mp4,FAKE
wirdaebvyh.mp4,FAKE
memcfxjmmh.mp4,FAKE
bypxnsuvaz.mp4,FAKE
kqprwlfsvh.mp4,FAKE
izanyxbfrw.mp4,REAL
ngdpqiorqa.mp4,REAL
lgtxdxnmdd.mp4,FAKE
jpvleeoqex.mp4,FAKE
acstbmvpcr.mp4,FAKE
mfbenlptlg.mp4,FAKE
ciwrhnigzx.mp4,FAKE
ghfxstqdcg.mp4,FAKE
yweqqbbcbd.mp4,FAKE
konsyybrks.mp4,FAKE
stlqpfqbcw.mp4,FAKE
dmyyvzpjjg.mp4,FAKE
zmoxegqwxn.mp4,FAKE
gfimfnbobc.mp4,FAKE
edywwjquvz.mp4,FAKE
gjzzflzknu.mp4,FAKE
obvlrrsrtn.mp4,FAKE
cfsiesdgir.mp4,FAKE
ugdteljfgb.mp4,FAKE
lselyybgcj.mp4,FAKE
qhwtdwdvko.mp4,FAKE
ywxcvcedqc.mp4,FAKE
hiurpjclkt.mp4,FAKE
lplkkcyild.mp4,FAKE
xfxavmekqj.mp4,FAKE
eooubrhmjb.mp4,FAKE
xlxyzouisc.mp4,REAL
qhlsutgkzv.mp4,FAKE
jhactuqgwa.mp4,FAKE
tbfqkkpdxd.mp4,FAKE
ssdhtytbih.mp4,FAKE
ijgwwoupzf.mp4,REAL
kvzjhdtarp.mp4,FAKE
gevzrlqdxd.mp4,FAKE
crlxjpnyrt.mp4,FAKE
vopnwhylpf.mp4,FAKE
osrpepdagi.mp4,FAKE
dtnibazvrf.mp4,FAKE
aphbjcscfn.mp4,REAL
ureaimdzsn.mp4,REAL
xownsgmhhw.mp4,FAKE
xsuthzpywj.mp4,FAKE
vnnondfndh.mp4,REAL
rovrcxjbsx.mp4,FAKE
lqsuysuorm.mp4,FAKE
cikxqgxbuw.mp4,FAKE
kluheuceib.mp4,FAKE
omaabqsujm.mp4,FAKE
aqzgpmlynd.mp4,FAKE
cfybmuezmr.mp4,FAKE
dsnvzccwcm.mp4,REAL
yfkifnthut.mp4,REAL
ydgkmyvtnv.mp4,FAKE
iipackcsoi.mp4,FAKE
vifhvtsavf.mp4,FAKE
snihjhcvvr.mp4,FAKE
smoewvhyvv.mp4,FAKE
nyhvhszbuw.mp4,REAL
qrncyiybxg.mp4,FAKE
ehxxmfftom.mp4,REAL
bhguavqyfj.mp4,REAL
xfbpatvuww.mp4,FAKE
bvnapwoxqy.mp4,FAKE
qzgexkljgk.mp4,FAKE
wmglzfxxzp.mp4,REAL
ighlqjimfj.mp4,FAKE
hdhurbyciy.mp4,REAL
wzdmqsfwzv.mp4,FAKE
iuesigifbt.mp4,FAKE
mjekrjsysi.mp4,FAKE
elsmxhryaf.mp4,FAKE
fbpsnyylei.mp4,FAKE
kplraprrrj.mp4,FAKE
ewrrpxobje.mp4,FAKE
cgjrchabmn.mp4,FAKE
fmexhqiekb.mp4,FAKE
zuswwdmccc.mp4,REAL
axqoxnsewc.mp4,REAL
trxflypbhl.mp4,FAKE
adneakturu.mp4,FAKE
tehtfcecpf.mp4,FAKE
ntqjyvcjdh.mp4,FAKE
icokcjzyjm.mp4,FAKE
eagqabbzku.mp4,REAL
tssriiuacg.mp4,FAKE
sugnrpmemc.mp4,FAKE
ptjgyuwsgh.mp4,REAL
lkuwbmzpwr.mp4,FAKE
fqtpsfcmjr.mp4,FAKE
zijoelafvh.mp4,FAKE
axtqkczcjf.mp4,FAKE
xaxfckboxg.mp4,FAKE
fttwtnbitf.mp4,REAL
usbnyondzf.mp4,FAKE
rgwnakzckp.mp4,FAKE
envmivjahd.mp4,FAKE
fmbmlagoiq.mp4,FAKE
lsuihvywzr.mp4,FAKE
slcbbolzap.mp4,FAKE
ookfdaswha.mp4,FAKE
dqckzndxbh.mp4,FAKE
lhissglxli.mp4,FAKE
cuypznsdlz.mp4,FAKE
rwzbdnjurj.mp4,FAKE
rgcsjzqcis.mp4,FAKE
bnssiugvik.mp4,FAKE
hbuhgubbss.mp4,FAKE
csdikrzaqt.mp4,FAKE
msdsxxdffx.mp4,FAKE
nigwzriyci.mp4,REAL
tnlcdqywvv.mp4,FAKE
rwndzuwddb.mp4,REAL
hoocqprani.mp4,FAKE
wuzdcvejpa.mp4,FAKE
icxgcdnugn.mp4,FAKE
uicqmalcmh.mp4,FAKE
izrmjvjyxi.mp4,REAL
swozlnezbo.mp4,REAL
vblwozxrwy.mp4,FAKE
yrqqinbasv.mp4,FAKE
ukuajnxcgv.mp4,REAL
oxzmxkitwc.mp4,FAKE
xiwjzapdmt.mp4,FAKE
wocrjylvyj.mp4,FAKE
umvwfynjoo.mp4,REAL
ipbunnjfbm.mp4,REAL
jcahmchbgr.mp4,FAKE
rfnwrnkokw.mp4,FAKE
lbfumjhose.mp4,REAL
ndvtxyhtmn.mp4,REAL
okrxijdnnp.mp4,FAKE
tatfoivceq.mp4,FAKE
jlhoqozcxb.mp4,REAL
wbjovxmnin.mp4,FAKE
wucyoanghr.mp4,REAL
dhrzxytixv.mp4,FAKE
yoczycbudz.mp4,FAKE
lvinrrfyir.mp4,REAL
ijpdgsydfx.mp4,FAKE
pybvlrezic.mp4,FAKE
simdowaaid.mp4,REAL
zccgqwyjjf.mp4,FAKE
qsdzskajsg.mp4,FAKE
ikiyenmfkm.mp4,FAKE
kbklbmzwyf.mp4,FAKE
wewvgopijp.mp4,REAL
giluddfepf.mp4,FAKE
vglkltoonj.mp4,FAKE
lqyckwtvnl.mp4,REAL
xctveobpyi.mp4,FAKE
wvjuhsrnuz.mp4,REAL
jauwhqjzkh.mp4,FAKE
kuepdmmpye.mp4,FAKE
ktzqqczwlu.mp4,FAKE
kzpdsiuuzq.mp4,FAKE
gvzquyojht.mp4,REAL
ychojzxyzd.mp4,FAKE
ablzgowmwo.mp4,REAL
agazcxsnes.mp4,REAL
czmmoyfilz.mp4,FAKE
zwuhapgzfz.mp4,FAKE
ptiqmqsjly.mp4,FAKE
wslsgytaav.mp4,FAKE
qparfnuxsg.mp4,REAL
wascdpzkhj.mp4,FAKE
sjlunnlfel.mp4,FAKE
zpxnzkrocg.mp4,FAKE
whuixruojw.mp4,FAKE
ofnwekjzfk.mp4,FAKE
jebfdcgkyk.mp4,FAKE
swtygjislq.mp4,REAL
qbwkcbtvdi.mp4,FAKE
zfvejxjwat.mp4,FAKE
mdanxmrvxd.mp4,FAKE
wabhktkmfy.mp4,REAL
lvecnxplwi.mp4,REAL
xbolgviewp.mp4,REAL
xrfnrllgjg.mp4,REAL
ryryihcyjn.mp4,FAKE
iwjixagmqy.mp4,FAKE
rchpononkc.mp4,FAKE
yqvjeiulqp.mp4,FAKE
gaudqiligp.mp4,FAKE
exvbiowzyn.mp4,FAKE
iadaxbfggh.mp4,REAL
nsllepqolu.mp4,FAKE
ymtldlhboa.mp4,REAL
hetlhhxtlb.mp4,FAKE
iannnhnrdb.mp4,FAKE
hevajonyvj.mp4,FAKE
anlikuimks.mp4,FAKE
nrwoaqcgfm.mp4,FAKE
nxtstdqkrq.mp4,FAKE
gdyaocjsoz.mp4,FAKE
vpunbhspjv.mp4,FAKE
mohcndxtzi.mp4,FAKE
kxtuskzjmz.mp4,FAKE
aabdogagch.mp4,FAKE
adybvfykyw.mp4,FAKE
hwvojrzppr.mp4,FAKE
jmdjmbkcyx.mp4,FAKE
hqxvlboamz.mp4,REAL
hwborqafnv.mp4,FAKE
stdsxxbsjo.mp4,FAKE
deqxaihxuz.mp4,REAL
ejfgtkqojm.mp4,FAKE
zyaxmcnurx.mp4,FAKE
fbfxmcwltv.mp4,FAKE
dmbtnshrxm.mp4,FAKE
oqltezdtla.mp4,FAKE
blvdxvadvd.mp4,FAKE
gwfgzoxmox.mp4,FAKE
icnessjxcq.mp4,REAL
ogzsnowlkn.mp4,FAKE
nirirlsfrj.mp4,FAKE
vepwvsjryi.mp4,FAKE
apzoewmtdf.mp4,FAKE
bkdtympvxj.mp4,REAL
ianrpeopjz.mp4,FAKE
yanzsjwhrb.mp4,REAL
aadlvezwah.mp4,FAKE
scrwlmqnyg.mp4,FAKE
znycjndsxw.mp4,FAKE
qbbrkxhoio.mp4,FAKE
qxtucskxes.mp4,FAKE
onkgvpzzli.mp4,FAKE
htjhybnluy.mp4,REAL
wblglhtniu.mp4,FAKE
dnediuiaxy.mp4,FAKE
tpmmmtdoty.mp4,FAKE
rdqwxzikyp.mp4,FAKE
yxikjofijo.mp4,FAKE
rzglourivm.mp4,REAL
vxwpjjlzbu.mp4,FAKE
cjqjmelvvr.mp4,FAKE
ckbiaaxzgq.mp4,FAKE
jlwazimcui.mp4,REAL
jdynzksrau.mp4,FAKE
vstgtxicpy.mp4,FAKE
wpftmwkyuw.mp4,FAKE
bpueeygkdb.mp4,FAKE
fiaoioqikt.mp4,FAKE
bjltstxtml.mp4,FAKE
lrqmgytbjj.mp4,FAKE
ijthkzsvdb.mp4,FAKE
uveclbfpfo.mp4,FAKE
nukzdidabh.mp4,FAKE
wdgtjdnkro.mp4,FAKE
skjikzwdtt.mp4,FAKE
ohanvmbeab.mp4,FAKE
xewmqacdmm.mp4,FAKE
cvpiuunjwy.mp4,FAKE
glrmqblnzq.mp4,FAKE
qeidrdoowl.mp4,FAKE
ohhncubjkn.mp4,FAKE
cvnvkjcftg.mp4,FAKE
halqwjayrq.mp4,FAKE
ehrvldbien.mp4,FAKE
hkcurgetvc.mp4,FAKE
bhmeqebvvc.mp4,FAKE
ioeiuvnnea.mp4,FAKE
aaeoalihgj.mp4,FAKE
ryxnucuogh.mp4,FAKE
nsanaxscsx.mp4,REAL
fvzbredojh.mp4,FAKE
uggsnpctkd.mp4,FAKE
zypznqwlhg.mp4,FAKE
auhwmwgwrt.mp4,FAKE
ahqgxlxnwq.mp4,FAKE
dnepnrozau.mp4,FAKE
uwzijlswnb.mp4,FAKE
zhnojqbrlx.mp4,FAKE
byipklfpep.mp4,REAL
bjlmsiosjt.mp4,FAKE
ctmaffxlnx.mp4,REAL
hcvyqdptrg.mp4,FAKE
cgbykzkgdg.mp4,FAKE
egzkwyqirh.mp4,REAL
pajzvnmpps.mp4,FAKE
jcgeaadwxt.mp4,FAKE
fslwjnzjfy.mp4,FAKE
vjvlrpyaev.mp4,FAKE
aeendqqdkv.mp4,FAKE
htsicwzxie.mp4,REAL
ynvybzsdzq.mp4,REAL
xumvmlvqdj.mp4,FAKE
xlqsvlvqep.mp4,FAKE
fzczwgdgwo.mp4,REAL
vqtatkpbxi.mp4,REAL
rgqgssltna.mp4,FAKE
gqaloythtf.mp4,FAKE
ybztbncgbq.mp4,REAL
yadesprund.mp4,FAKE
pmmvhosvkh.mp4,FAKE
enmqxixglr.mp4,FAKE
goksepviwp.mp4,FAKE
luynogpajn.mp4,REAL
sdndjbuuns.mp4,FAKE
njanvyfzpv.mp4,FAKE
aarvjowgvd.mp4,FAKE
bfexklkiyj.mp4,FAKE
jcdjuwmzmt.mp4,FAKE
shkapjfqdc.mp4,FAKE
vdpftagzyt.mp4,FAKE
mmafrbslls.mp4,FAKE
ytoamycnxq.mp4,REAL
ofwmrrtncx.mp4,FAKE
uuvasflgaw.mp4,FAKE
kgqaexrpas.mp4,REAL
ktplrsqjgb.mp4,REAL
trwgttshhr.mp4,FAKE
tkcbvnzhib.mp4,REAL
aumdtjrpoq.mp4,FAKE
mrqdkngrde.mp4,REAL
lbnurmcuxs.mp4,REAL
wgjiesqhvs.mp4,FAKE
pkulawhjci.mp4,REAL
ccxbzqmxfv.mp4,FAKE
tlthhnwadn.mp4,FAKE
wrorqvpbsi.mp4,FAKE
uyaocjjsib.mp4,REAL
xxwiifioix.mp4,REAL
jinbhnxsfk.mp4,FAKE
opsdpfofpl.mp4,REAL
gvwqberjhs.mp4,REAL
zfzxgbddtt.mp4,FAKE
kqgeuoiiyo.mp4,REAL
vmaarhebuf.mp4,REAL
fkzmdpmcbc.mp4,FAKE
coikhtewmt.mp4,FAKE
zeuqdyakda.mp4,REAL
ekjbtuucpz.mp4,FAKE
eudnfziddg.mp4,FAKE
hlemgltaor.mp4,FAKE
ltqubwmqml.mp4,FAKE
kzumnqhshb.mp4,FAKE
ynsxzcicxv.mp4,REAL
mbgwfdosas.mp4,REAL
ploqanhaow.mp4,FAKE
gzompgclwa.mp4,REAL
clidemnydd.mp4,FAKE
kqcjqltrql.mp4,FAKE
mwrvjfceye.mp4,FAKE
ugnikyemsb.mp4,FAKE
epwvkmbqze.mp4,FAKE
lwutssrfou.mp4,FAKE
uwaddunbkj.mp4,FAKE
zshpimlech.mp4,FAKE
zganfnadhh.mp4,FAKE
kvjaqgihat.mp4,FAKE
tiximgupfo.mp4,FAKE
brnpejbjwh.mp4,REAL
gzapmclgal.mp4,FAKE
lobyiumwce.mp4,REAL
xthifkignl.mp4,REAL
amdtcpqcjf.mp4,FAKE
zbdzhzzsku.mp4,FAKE
rhhfdmrzmp.mp4,FAKE
jawwlbojon.mp4,REAL
mjykhpgzqh.mp4,FAKE
cffiwsldyw.mp4,REAL
bnxqmregwp.mp4,FAKE
yraqiglxsz.mp4,FAKE
zkvhsozira.mp4,FAKE
tfkxcxtexu.mp4,FAKE
mogoqkfmfa.mp4,FAKE
zunjrgoath.mp4,REAL
qgzehexlft.mp4,FAKE
wxivyqkcuo.mp4,REAL
goeomnbuee.mp4,FAKE
wfjahjzmuf.mp4,REAL
pedvwzmuqx.mp4,FAKE
pryhnrjpqx.mp4,FAKE
ftkqtvfvvq.mp4,FAKE
xvoghshkwe.mp4,FAKE
gsrvfdzmsq.mp4,REAL
epwvvqsutn.mp4,REAL
dzbgolojvf.mp4,REAL
sgqruiabdi.mp4,REAL
xtgzbxmvvq.mp4,FAKE
aozvkebfza.mp4,FAKE
fpsrbiuoxh.mp4,FAKE
mkspcatszv.mp4,REAL
qybjhljexi.mp4,REAL
yzusjwgyav.mp4,REAL
mhmknnucmx.mp4,FAKE
cdwoinhglz.mp4,FAKE
hgmnnbtuyw.mp4,FAKE
dfzwlayvoj.mp4,FAKE
dulwygcxuq.mp4,FAKE
ywpzfjnbjm.mp4,FAKE
xlqhioxxqj.mp4,FAKE
nqtujgqoid.mp4,FAKE
jadochbnrm.mp4,FAKE
biksijpktj.mp4,REAL
pucdgmijoz.mp4,REAL
lquelehzoi.mp4,FAKE
onhrqiwqgh.mp4,FAKE
vdlaicgfze.mp4,FAKE
csdrnqjwev.mp4,REAL
hhyxnwbuxm.mp4,FAKE
ppgwazusyl.mp4,REAL
ubqmcudjhb.mp4,FAKE
zrvnffustq.mp4,REAL
rbmffisqae.mp4,FAKE
aufphhubty.mp4,FAKE
bfwuqtejgm.mp4,FAKE
kmakwrqxvf.mp4,FAKE
skbpwareru.mp4,FAKE
qcgodnafwo.mp4,FAKE
nnjmbcmolg.mp4,REAL
lkzgecrxpj.mp4,FAKE
ijicgtvikq.mp4,FAKE
ftvkmjuuhd.mp4,FAKE
klgjfsnefz.mp4,REAL
pgwpcyslaa.mp4,FAKE
kwyripquko.mp4,REAL
acwcgmdxhl.mp4,FAKE
tjnsflfqfs.mp4,REAL
oaxttpuqvi.mp4,REAL
pgopxdjajv.mp4,REAL
tbdavpyxni.mp4,FAKE
mfhqonawni.mp4,REAL
ycekvuocgl.mp4,FAKE
yxwnmuylsr.mp4,FAKE
ykrwyglcce.mp4,FAKE
lmrksqgmty.mp4,FAKE
pzlqlbruyf.mp4,FAKE
zhrjrsloix.mp4,REAL
fdumtjobph.mp4,FAKE
ghwrtcenkm.mp4,FAKE
faminorqkh.mp4,FAKE
togewxzwcm.mp4,FAKE
wgwsqupirx.mp4,FAKE
qztsnbrcsm.mp4,FAKE
hycihhjjzq.mp4,FAKE
kilpmyuydv.mp4,FAKE
lnjkffjjop.mp4,FAKE
uiczdxmxmf.mp4,FAKE
zdlywudszl.mp4,FAKE
aghvhjzesz.mp4,FAKE
lcyfeiefju.mp4,REAL
cazdiesnim.mp4,REAL
domhnipkeh.mp4,REAL
plximzjlup.mp4,FAKE
hkxlcqghjx.mp4,FAKE
puekyxazbi.mp4,FAKE
zfjpfevuph.mp4,FAKE
pdjmsicglg.mp4,REAL
zcyujkwbhk.mp4,FAKE
wocpdprlvy.mp4,FAKE
kcgjixienn.mp4,FAKE
rcbxoojslb.mp4,REAL
dlrfpvskey.mp4,FAKE
qtqqmbjlbv.mp4,FAKE
efvwmeyfmp.mp4,FAKE
rouleciwdb.mp4,FAKE
jxbxknupll.mp4,FAKE
kqrolcboab.mp4,FAKE
wjfjgybigt.mp4,REAL
tbwkcbkubx.mp4,FAKE
awihhtzuen.mp4,REAL
pgoqoftykk.mp4,REAL
cygncccjph.mp4,REAL
edoxxahron.mp4,FAKE
tyobejnzyu.mp4,REAL
jbobnmshak.mp4,FAKE
sevxalfpiw.mp4,REAL
ixzlxnfxni.mp4,FAKE
bzwajzslne.mp4,FAKE
rpqtfjkyer.mp4,FAKE
rlbajvttrj.mp4,FAKE
opgjsfygbe.mp4,FAKE
xihxyfasjq.mp4,FAKE
ceygiieeyf.mp4,FAKE
lhwpsnzmah.mp4,REAL
ymxibekbia.mp4,REAL
gkokllbuwd.mp4,FAKE
afhxxvslsv.mp4,FAKE
wxsptftjqx.mp4,FAKE
jpxwbkodtu.mp4,FAKE
yqgerdayhc.mp4,FAKE
iukphmvuja.mp4,FAKE
zrtaylibdt.mp4,REAL
mvvfowghab.mp4,FAKE
eyzrnbvgkn.mp4,FAKE
ycrnvrhera.mp4,FAKE
rsqtyghjbe.mp4,FAKE
jegdxhxnfe.mp4,FAKE
ztvzgkzdga.mp4,FAKE
ktvdplgwro.mp4,REAL
mmmtjatemb.mp4,REAL
nzperxctme.mp4,FAKE
rgduernkfc.mp4,REAL
fynfkcgwri.mp4,REAL
umhsxmwvnd.mp4,REAL
oproityyiy.mp4,REAL
nuelozwnxd.mp4,FAKE
fvmhipsebc.mp4,REAL
pjnnsbryzg.mp4,FAKE
wkyftsfazg.mp4,REAL
tdczxskeno.mp4,FAKE
ccdaqfjqft.mp4,REAL
sgwukgsdit.mp4,FAKE
aekbcfwbwg.mp4,FAKE
dejvqycmoj.mp4,FAKE
licyaanvrp.mp4,REAL
ooprzmpooz.mp4,FAKE
rgkqulzaem.mp4,REAL
ppiofyqwwu.mp4,FAKE
vrqjttlnuo.mp4,REAL
fiqgkrpvyr.mp4,FAKE
lvldvonmbg.mp4,REAL
mltsotgrqa.mp4,FAKE
qyxqqkawro.mp4,FAKE
tvfyffofef.mp4,REAL
uiyibmrads.mp4,FAKE
mcgyhumaob.mp4,REAL
mifukgvbjz.mp4,FAKE
bhlelcjvoq.mp4,REAL
oihrffzjpu.mp4,REAL
fsogcoukrw.mp4,FAKE
avvmidgbai.mp4,FAKE
jtbdyxjnnv.mp4,FAKE
xhtojftkga.mp4,FAKE
sjrhibhmso.mp4,FAKE
jjjwutyyjg.mp4,FAKE
iywhpaeciv.mp4,FAKE
ardthlteap.mp4,FAKE
cdklueukql.mp4,FAKE
knajheusei.mp4,FAKE
tbuuuamwak.mp4,REAL
kofofvdhgy.mp4,FAKE
ldlooekesr.mp4,FAKE
dfozukdjfj.mp4,FAKE
bywsnzefxm.mp4,FAKE
dvrpcwpawq.mp4,FAKE
txtrbqitgt.mp4,REAL
pmkkxswvpy.mp4,FAKE
ypcdqduufa.mp4,REAL
hpskrtuawv.mp4,REAL
nvohlmnuwx.mp4,REAL
lacwjuhxby.mp4,FAKE
tbepxddoyw.mp4,FAKE
yaxrqafsok.mp4,REAL
atijhccfre.mp4,FAKE
aepuluzrdy.mp4,REAL
fnpbmfxslw.mp4,FAKE
wuxjibilxd.mp4,FAKE
hcnbxepois.mp4,REAL
czoldluihi.mp4,FAKE
cixdftcnrs.mp4,REAL
ceiwazlque.mp4,REAL
xxtpvjzmps.mp4,FAKE
vveoacswag.mp4,FAKE
oubtibjzfh.mp4,FAKE
dioryfhfnn.mp4,FAKE
zaadqtlqqi.mp4,FAKE
fgpozagjpl.mp4,FAKE
zbenkghmif.mp4,FAKE
jwjrmxrgbl.mp4,FAKE
beoeofnqpa.mp4,REAL
akalyasdmg.mp4,FAKE
lvtirqatfn.mp4,REAL
clvqvejlen.mp4,FAKE
dyxrjcadtt.mp4,REAL
raozerusmg.mp4,REAL
dnbgijcsux.mp4,FAKE
dgagpzefwb.mp4,FAKE
xqvvrzaxma.mp4,FAKE
ouuaekvzls.mp4,FAKE
mrepayhnrw.mp4,FAKE
vvgbrorobc.mp4,FAKE
fheejoaovv.mp4,FAKE
sbjjhcgfuz.mp4,FAKE
vhitpoxhpm.mp4,REAL
pcwucommhq.mp4,FAKE
dvqrlxuuve.mp4,FAKE
iqyenueqqd.mp4,FAKE
lhwwupeezi.mp4,REAL
dfkatdijen.mp4,REAL
nwzxxhzsnp.mp4,FAKE
yeabzuilfx.mp4,REAL
ymcjszkoss.mp4,FAKE
ntsiqfonch.mp4,FAKE
blggyzbach.mp4,FAKE
aibfastlwt.mp4,REAL
remjlzfyyl.mp4,FAKE
aldekovjjt.mp4,REAL
sazffkfruu.mp4,FAKE
casqxjtmqh.mp4,FAKE
bzyznixpio.mp4,REAL
hkapaswvkx.mp4,FAKE
cpiztwrcqk.mp4,REAL
plczaniyed.mp4,FAKE
jymmdldqhb.mp4,FAKE
zfnrrxzfpw.mp4,REAL
aehruoendm.mp4,REAL
thkfrdqitc.mp4,REAL
qjdunrpahp.mp4,FAKE
sicobdfwed.mp4,FAKE
ihptjcufwo.mp4,REAL
quwvyztlrg.mp4,FAKE
hwplegxife.mp4,FAKE
dauvhtvqmh.mp4,FAKE
pvhhetqvpi.mp4,FAKE
tcxflmfzhv.mp4,FAKE
wlddznsbmi.mp4,FAKE
qecgeqnvta.mp4,FAKE
brydrdnlln.mp4,FAKE
sskiuzcenz.mp4,REAL
ppczxbcxrl.mp4,REAL
qxqktcxqpk.mp4,FAKE
xzsshnkqpv.mp4,FAKE
ncvtgryovd.mp4,REAL
cyfxpvkhrz.mp4,FAKE
zyzwkaiuxg.mp4,FAKE
yvbsknaqom.mp4,FAKE
vvcyulxdtz.mp4,REAL
rlqfqgaoxx.mp4,REAL
jrrwdwqjdg.mp4,REAL
tqvbydvocx.mp4,FAKE
uyeiheygxk.mp4,REAL
ukkftinlcw.mp4,FAKE
hisqqfkdbd.mp4,FAKE
kbdjxocfhl.mp4,FAKE
zvqgdjiotu.mp4,REAL
rwarkxrhfb.mp4,FAKE
vhmjeqagkc.mp4,REAL
yvuxjtlobo.mp4,FAKE
hjwpkcidey.mp4,FAKE
hegffcpclm.mp4,FAKE
hdfrdajxrx.mp4,FAKE
poljvsypou.mp4,FAKE
shrovhivlg.mp4,FAKE
mcrcdjrfsr.mp4,REAL
mcwxaubcjg.mp4,FAKE
ytrqamfjzr.mp4,FAKE
nhjcpgoadi.mp4,REAL
iwlqskbrsm.mp4,REAL
idrbsowlyz.mp4,FAKE
pmoiqwabqc.mp4,FAKE
oyycqqgyov.mp4,FAKE
ywwjjfkycm.mp4,FAKE
kuthbtukcz.mp4,FAKE
bxhksbnvvr.mp4,FAKE
rwdlslukzo.mp4,FAKE
tgzvujhqzk.mp4,FAKE
ahdjlkjoiy.mp4,FAKE
gxtutdbkfu.mp4,FAKE
ztiooseaps.mp4,REAL
rxlcjaiijw.mp4,REAL
ohpqptkahi.mp4,REAL
tocvvjfjzz.mp4,REAL
oxcbalcbmx.mp4,FAKE
pzbksnozia.mp4,FAKE
ucveeogevx.mp4,REAL
xlwebdaikv.mp4,REAL
pknrjuicth.mp4,FAKE
yixmmlipsf.mp4,FAKE
zwepgxaiyn.mp4,FAKE
gqexbjfyjp.mp4,FAKE
twauymbvit.mp4,FAKE
kwqdmpmiok.mp4,REAL
nwzvljonuc.mp4,REAL
zfsjxtmgxc.mp4,REAL
dqztuvpjhe.mp4,FAKE
oinhhamyyh.mp4,FAKE
zczcdldtqi.mp4,REAL
zwwvtnacah.mp4,FAKE
oaaranlryg.mp4,FAKE
dbwdpplwxu.mp4,FAKE
solfesnwzd.mp4,FAKE
wzdlhutmdu.mp4,FAKE
uctgggbrii.mp4,FAKE
eyixkzppxc.mp4,FAKE
wjwgfkyjev.mp4,REAL
hsvcyrhekj.mp4,FAKE
zfeydpvpxo.mp4,FAKE
kujqyoyrtv.mp4,FAKE
amdnvezdcv.mp4,FAKE
ldivkyfnci.mp4,FAKE
vzawackcod.mp4,REAL
fllrrugytq.mp4,REAL
etonldfohq.mp4,FAKE
tamlohvayl.mp4,FAKE
rhgzohvxet.mp4,FAKE
naijysjeic.mp4,FAKE
jkgbucpzki.mp4,REAL
qdkdmwybuk.mp4,FAKE
aitisdvlut.mp4,FAKE
otudmwcikv.mp4,FAKE
rmyljulkgw.mp4,FAKE
euizkgoxog.mp4,FAKE
awynklddka.mp4,FAKE
iuslenlqix.mp4,FAKE
wkhyehqtzx.mp4,FAKE
arfsazswhs.mp4,FAKE
wrgqxahnwh.mp4,FAKE
idnzdgufeh.mp4,FAKE
vnaczkvazd.mp4,FAKE
nbpfjkaznf.mp4,FAKE
eipyxvfhkf.mp4,FAKE
bbbkqdlsyu.mp4,FAKE
xhjkofmulp.mp4,FAKE
ukivitxdrp.mp4,FAKE
dehwqyosfb.mp4,REAL
etdxfawnai.mp4,FAKE
psmirnmcmj.mp4,FAKE
glqriykjsl.mp4,FAKE
nbyibxmqit.mp4,FAKE
cwonpsyuuz.mp4,FAKE
edzpqqevtb.mp4,FAKE
dmspqijafg.mp4,FAKE
ahhwcjandn.mp4,FAKE
fvtgafkqys.mp4,REAL
xiknmepqen.mp4,FAKE
ktfqrgopjv.mp4,FAKE
zjodgqdrpb.mp4,REAL
jyurhlyzhw.mp4,FAKE
ibealpglid.mp4,FAKE
jdzkvhchja.mp4,FAKE
ljlaiuqagh.mp4,FAKE
ovrcyvavpr.mp4,FAKE
ipgikzjqty.mp4,REAL
vwiaiiyjuk.mp4,FAKE
oqdpiefpij.mp4,REAL
hanxfngtel.mp4,FAKE
vinqcpfgud.mp4,FAKE
ibyxrzafun.mp4,FAKE
iidsldpnqe.mp4,FAKE
kmvsuicqeu.mp4,REAL
jovqqmdngq.mp4,FAKE
zvpgtyzzdv.mp4,REAL
oeuufzbozk.mp4,FAKE
ahsogiihuz.mp4,REAL
tuznghodsj.mp4,FAKE
brinacubmg.mp4,REAL
zuwytlnmhp.mp4,REAL
wetquclipj.mp4,FAKE
yxhkvmgijj.mp4,FAKE
xwfwyzzxhs.mp4,REAL
tpocmszkhh.mp4,REAL
adzxmqarac.mp4,FAKE
nwyuppqbin.mp4,FAKE
jxysnnoqvy.mp4,FAKE
knsvzouvxr.mp4,FAKE
hahestbqoj.mp4,FAKE
ktyrkuiqeo.mp4,FAKE
bggikytkou.mp4,FAKE
bhgxwxvrks.mp4,FAKE
gbifwixlyi.mp4,REAL
izswxtsqsy.mp4,FAKE
ohpctdcahv.mp4,FAKE
bafktkorci.mp4,REAL
rskrntaywd.mp4,REAL
gdweubaodc.mp4,FAKE
elvwyqspgu.mp4,FAKE
mqcnpxdynh.mp4,REAL
zoiiejlxam.mp4,REAL
fxdvdnevdv.mp4,FAKE
bozkbbydju.mp4,FAKE
avvmvlzkug.mp4,FAKE
wotgiryojo.mp4,REAL
kewjgfclxa.mp4,REAL
nrluhgnhdx.mp4,FAKE
mjdjryawks.mp4,FAKE
hxuegrmiyl.mp4,FAKE
ilzqbskjjc.mp4,FAKE
lbgfcmdliq.mp4,FAKE
ddzmdulwdn.mp4,REAL
rjgtoeqwfn.mp4,FAKE
trelkpvmtn.mp4,FAKE
bwnwtomuus.mp4,FAKE
edzsttaqss.mp4,FAKE
oxgakbtlrk.mp4,FAKE
wlowshczkt.mp4,FAKE
girzvnxxos.mp4,REAL
gvnebnzirc.mp4,FAKE
yoeetkfxec.mp4,REAL
mesyfmgozo.mp4,FAKE
ndyrkulusj.mp4,FAKE
ukkeejwxfs.mp4,FAKE
pytwpmkybn.mp4,REAL
ddbpfxzqrl.mp4,FAKE
qqwdbhkgol.mp4,FAKE
lqxpsrkxzr.mp4,REAL
qcgtqnatxp.mp4,REAL
icxmuaiwvq.mp4,FAKE
tkqxzmhdfe.mp4,FAKE
tomzpivjic.mp4,REAL
bvfnfsllna.mp4,REAL
gkbfxjlhju.mp4,FAKE
lasyuwijjx.mp4,FAKE
qkklqzcdkx.mp4,REAL
vvclsrjaxc.mp4,FAKE
dbmpfxwtfw.mp4,FAKE
wquagognqo.mp4,REAL
aqyvunegbf.mp4,REAL
otcgvkdbwh.mp4,REAL
zbwvauvdoa.mp4,REAL
loohmcjwne.mp4,REAL
vuzoqeinxf.mp4,FAKE
eqrqiddmsp.mp4,REAL
fzvypfixcq.mp4,FAKE
apdfykbltf.mp4,FAKE
emqwvillhl.mp4,FAKE
iahkeegnay.mp4,REAL
khiszbboum.mp4,FAKE
frfjmachtj.mp4,FAKE
ygzajizgvi.mp4,REAL
yeaozghrhd.mp4,FAKE
kwvljmliee.mp4,FAKE
rlgekygvjn.mp4,REAL
wnqodiowwt.mp4,REAL
blbvdywnbk.mp4,REAL
pjciuhedrj.mp4,REAL
ypavsvctpq.mp4,REAL
nrvhpzsvbo.mp4,FAKE
syynclvesz.mp4,FAKE
wrlrzhlybr.mp4,FAKE
ayqpyomdan.mp4,FAKE
dpkztjklge.mp4,FAKE
ttabixavia.mp4,FAKE
zopjjkyezc.mp4,FAKE
gndwcgzwct.mp4,REAL
ozugngfwmh.mp4,FAKE
qlkkdzwwmk.mp4,FAKE
obvbmbynuy.mp4,REAL
brdrhtpwut.mp4,FAKE
pthvzhzbqp.mp4,REAL
olsbyvmxeo.mp4,FAKE
awlpqlmfbd.mp4,REAL
ypbnyofvxs.mp4,FAKE
wfcbpbwjsi.mp4,FAKE
pwdglwjtgn.mp4,FAKE
dxebretfjb.mp4,REAL
upubekspin.mp4,FAKE
ruqhnpqsyc.mp4,FAKE
mdpxoldnpc.mp4,FAKE
hiskggmgtr.mp4,FAKE
ubieghmqdq.mp4,FAKE
mimeseeebb.mp4,FAKE
xwptlhziyb.mp4,FAKE
ncyaawguhc.mp4,FAKE
idazugefys.mp4,FAKE
yvvnxnztoj.mp4,REAL
hoqyirekjb.mp4,FAKE
qpqozdlxgv.mp4,FAKE
xeezdmaazr.mp4,FAKE
noirumgwxx.mp4,FAKE
aebjlsefci.mp4,FAKE
umvqagqmpt.mp4,FAKE
thfzywypts.mp4,REAL
alrmawyknb.mp4,FAKE
phfanfjvia.mp4,FAKE
hjsxwgarvq.mp4,FAKE
ahsabqozjt.mp4,FAKE
iwchehjyva.mp4,FAKE
yznlohwait.mp4,FAKE
guotalmatn.mp4,FAKE
xcyuozheti.mp4,FAKE
rgtofufpzc.mp4,FAKE
dmzblkdwkv.mp4,REAL
dieoechqok.mp4,FAKE
clzyspsagz.mp4,FAKE
efcexvmafw.mp4,FAKE
gwiamzhwlp.mp4,FAKE
jbgklqgife.mp4,REAL
nwojxekzah.mp4,FAKE
akorjvmomz.mp4,FAKE
prypqfuqom.mp4,REAL
usnyozppis.mp4,REAL
eipwxqahgp.mp4,REAL
uoyikorptf.mp4,FAKE
asaznagkeg.mp4,REAL
gvrndkdbwg.mp4,FAKE
ryzkdrcvic.mp4,FAKE
mgjcsexroi.mp4,FAKE
twlorhhbya.mp4,FAKE
hjzwbsmiam.mp4,REAL
ndjerymuzq.mp4,FAKE
bwabycoxai.mp4,FAKE
lxejwgvxwk.mp4,FAKE
nrsqnrcidv.mp4,FAKE
hhmflhhbih.mp4,FAKE
lkgamwbygt.mp4,FAKE
rgmllhylbj.mp4,FAKE
ddhijrstzr.mp4,REAL
